page,index,format,value,difficulty,scenario,scale,rotation_deg,page_orientation,noise_level,page_skew_deg,page_aabb_x,page_aabb_y,page_aabb_width,page_aabb_height,q0_x,q0_y,q1_x,q1_y,q2_x,q2_y,q3_x,q3_y
1,1,CODE_39,BM-01-01-8089,easy,oblique,2,-20.97,portrait,moderate,1.41,640.33,2683.65,436.78,237.52,673.8,2683.65,1077.11,2826.94,1043.63,2921.17,640.33,2777.88
1,2,DATA_MATRIX,(01)09506000396446(21)BM0102,easy,standard,10,2.0,portrait,moderate,1.41,1362.4,2272.46,211.54,211.54,1362.4,2284.35,1562.05,2272.46,1573.95,2472.1,1374.3,2484.0
1,3,DATA_MATRIX,(01)09506000362478(21)BM0103,hard,standard,8,3.05,portrait,moderate,1.41,499.91,1937.88,171.96,171.96,499.91,1950.32,659.42,1937.88,671.87,2097.39,512.35,2109.84
2,1,CODE_128,BM0020151968405,medium,close,3,-1.63,portrait,moderate,0.98,1044.19,965.08,496.68,155.64,1045.9,965.08,1540.87,970.72,1539.15,1120.72,1044.19,1115.07
2,2,CODE_128,PO49327686098,easy,standard,4,0.35,portrait,moderate,0.98,271.18,1231.95,620.46,214.21,271.18,1246.21,887.02,1231.95,891.65,1431.9,275.81,1446.16
3,1,DATA_MATRIX,(01)09506000382036(21)BM0301,medium,standard,9,1.59,portrait,moderate,-0.02,1562.77,2750.68,184.87,184.87,1562.77,2755.61,1742.7,2750.68,1747.64,2930.61,1567.71,2935.54
3,2,QR_CODE,https://example.invalid/balanced/003/02,easy,standard,7,2.84,portrait,moderate,-0.02,613.01,1617.6,271.43,271.43,613.01,1630.35,871.7,1617.6,884.44,1876.29,625.75,1889.03
3,3,DATA_MATRIX,(01)09506000330965(21)BM0303,hard,standard,7,-1.61,portrait,moderate,-0.02,679.2,2573.84,143.92,143.92,683.18,2573.84,823.13,2577.82,819.15,2717.77,679.2,2713.79
4,1,DATA_MATRIX,(01)09506000352467(21)BM0401,easy,standard,7,-3.02,portrait,moderate,-0.77,976.64,994.31,148.94,148.94,985.89,994.31,1125.58,1003.55,1116.33,1143.25,976.64,1134.0
5,1,CODE_128,BM0050129347924,easy,close,2,-3.36,portrait,moderate,-1.29,1008.76,1969.05,337.02,126.42,1016.86,1969.05,1345.78,1995.8,1337.67,2095.47,1008.76,2068.72
6,1,CODE_39,BM-06-01-2338,medium,standard,3,2.93,portrait,moderate,0.34,873.79,1282.73,649.51,186.4,873.79,1319.37,1514.74,1282.73,1523.31,1432.48,882.35,1469.12
6,2,CODE_128,BM0060212376692,easy,standard,2,0.52,portrait,moderate,0.34,1389.56,3011.33,331.47,104.95,1389.56,3016.29,1719.53,3011.33,1721.03,3111.32,1391.07,3116.28
8,1,CODE_128,PO50709324066,easy,standard,3,-2.88,portrait,moderate,0.32,1039.04,2169.29,468.23,170.47,1045.74,2169.29,1507.28,2189.91,1500.58,2339.76,1039.04,2319.14
8,2,QR_CODE,QR|BM|PAGE=008|INDEX=02|LOT=284127,easy,standard,6,-3.31,portrait,moderate,0.32,1457.94,1024.86,208.05,208.05,1468.26,1024.86,1665.99,1035.19,1655.67,1232.92,1457.94,1222.59
8,3,QR_CODE,QR|BM|PAGE=008|INDEX=03|LOT=468729,easy,edge,8,-3.95,portrait,moderate,0.32,1786.76,1112.77,280.18,280.18,1803.46,1112.77,2066.93,1129.47,2050.23,1392.94,1786.76,1376.24
9,1,DATA_MATRIX,DM|BM|P009|I01|L334602,easy,standard,9,-0.86,landscape,heavy,-1.16,597.62,1398.49,186.22,186.22,603.95,1398.49,783.84,1404.82,777.51,1584.71,597.62,1578.38
9,2,CODE_128,PO34596789606,easy,oblique,4,-12.61,landscape,heavy,-1.16,1064.88,790.52,645.9,340.84,1112.48,790.52,1710.78,937.1,1663.19,1131.36,1064.88,984.77
10,1,CODE_39,BM-10-01-3754,hard,close,4,-2.95,portrait,moderate,-1.62,761.23,1111.22,869.21,267.55,777.16,1111.22,1630.44,1179.41,1614.51,1378.77,761.23,1310.59
10,2,CODE_39,BM-10-02-4238,medium,close,3,-1.78,portrait,moderate,-1.62,1519.22,1882.69,649.76,187.8,1528.11,1882.69,2168.98,1920.75,2160.09,2070.49,1519.22,2032.43
10,3,DATA_MATRIX,(01)09506000375733(21)BM1003,easy,close,7,2.15,portrait,moderate,-1.62,1971.14,1456.35,141.29,141.29,1971.14,1457.65,2111.13,1456.35,2112.43,1596.35,1972.43,1597.65
10,4,CODE_128,LOT-465242-B10,easy,close,2,3.07,portrait,moderate,-1.62,1880.9,1168.98,398.41,110.0,1880.9,1179.0,2276.77,1168.98,2279.3,1268.94,1883.43,1278.97
10,5,DATA_MATRIX,(01)09506000375259(21)BM1005,medium,standard,8,0.13,portrait,moderate,-1.62,832.31,472.7,164.1,164.1,836.47,472.7,996.41,476.86,992.26,636.8,832.31,632.65
10,6,CODE_128,LOT-298212-B10,easy,standard,4,0.72,portrait,moderate,-1.62,1279.89,2504.93,795.04,212.4,1283.03,2504.93,2074.93,2517.35,2071.79,2717.33,1279.89,2704.9
10,7,CODE_39,BM-10-07-5378,easy,standard,2,1.05,portrait,moderate,-1.62,232.85,2753.34,428.97,104.24,233.84,2753.34,661.82,2757.58,660.83,2857.58,232.85,2853.33
10,8,CODE_128,PO55449362251,easy,standard,3,3.14,portrait,moderate,-1.62,1688.65,628.18,465.82,162.21,1688.65,640.45,2150.49,628.18,2154.47,778.13,1692.63,790.4
11,1,CODE_128,BM0110185623283,easy,standard,4,1.13,portrait,moderate,0.96,1111.57,1932.96,666.87,223.99,1111.57,1957.09,1771.13,1932.96,1778.44,2132.83,1118.88,2156.95
11,2,DATA_MATRIX,DM|BM|P011|I02|L614372,medium,standard,8,0.31,portrait,moderate,0.96,1905.24,2123.09,163.52,163.52,1905.24,2126.65,2065.2,2123.09,2068.76,2283.05,1908.8,2286.61
11,3,CODE_128,BM0110322930502,easy,edge,2,-1.23,portrait,moderate,0.96,1933.38,1748.15,330.46,101.53,1933.84,1748.15,2263.84,1749.68,2263.38,1849.68,1933.38,1848.15
12,1,CODE_39,BM-12-01-1498,medium,standard,2,-2.66,portrait,moderate,-1.11,922.15,2615.0,433.65,127.95,928.73,2615.0,1355.8,2643.16,1349.22,2742.95,922.15,2714.78
12,2,QR_CODE,https://example.invalid/balanced/012/02,medium,close,5,1.24,portrait,moderate,-1.11,569.15,1013.19,185.41,185.41,569.15,1013.6,754.15,1013.19,754.56,1198.19,569.56,1198.6
12,3,DATA_MATRIX,DM|BM|P012|I03|L611562,easy,standard,9,0.54,portrait,moderate,-1.11,552.75,1473.23,181.79,181.79,554.55,1473.23,734.54,1475.03,732.74,1655.02,552.75,1653.22
13,1,QR_CODE,https://example.invalid/balanced/013/01,medium,standard,6,2.53,portrait,moderate,-0.69,1327.9,1581.31,229.01,229.01,1327.9,1588.44,1549.79,1581.31,1556.92,1803.2,1335.03,1810.33
13,2,CODE_128,LOT-633077-B13,medium,edge,3,-1.02,portrait,moderate,-0.69,1568.76,2074.14,598.21,167.66,1573.23,2074.14,2166.97,2091.86,2162.49,2241.8,1568.76,2224.07
13,3,QR_CODE,QR|BM|PAGE=013|INDEX=03|LOT=274136,easy,standard,6,-3.2,portrait,moderate,-0.69,1102.32,2352.57,210.98,210.98,1115.75,2352.57,1313.3,2366.0,1299.86,2563.55,1102.32,2550.11
14,1,DATA_MATRIX,DM|BM|P014|I01|L775632,medium,standard,7,3.72,portrait,moderate,-0.95,323.83,2191.68,146.61,146.61,323.83,2198.45,463.66,2191.68,470.44,2331.51,330.6,2338.29
14,2,DATA_MATRIX,(01)09506000331359(21)BM1402,medium,standard,10,0.75,portrait,moderate,-0.95,509.88,1485.04,200.69,200.69,510.57,1485.04,710.57,1485.72,709.88,1685.72,509.88,1685.03
14,3,CODE_128,PO59714895583,medium,standard,2,2.23,portrait,moderate,-0.95,1420.51,1855.96,310.16,106.87,1420.51,1862.85,1728.43,1855.96,1730.67,1955.93,1422.75,1962.83
15,1,QR_CODE,QR|BM|PAGE=015|INDEX=01|LOT=407770,easy,oblique,6,20.5,portrait,moderate,0.61,689.05,2154.47,256.03,256.03,689.05,2225.79,873.76,2154.47,945.07,2339.18,760.36,2410.5
15,2,DATA_MATRIX,(01)09506000328615(21)BM1502,medium,oblique,7,18.3,portrait,moderate,0.61,1190.02,1375.39,177.82,177.82,1190.02,1420.77,1322.46,1375.39,1367.84,1507.83,1235.4,1553.21
17,1,DATA_MATRIX,DM|BM|P017|I01|L153798,easy,standard,7,1.92,portrait,moderate,-0.47,907.72,902.92,143.5,143.5,907.72,906.47,1047.68,902.92,1051.22,1042.88,911.27,1046.42
17,2,CODE_39,BM-17-02-9005,medium,standard,4,1.25,portrait,moderate,-0.47,426.63,1565.85,858.65,211.66,426.63,1577.53,1282.55,1565.85,1285.28,1765.83,429.36,1777.51
18,1,CODE_39,BM-18-01-5428,easy,standard,4,-3.67,landscape,heavy,-1.09,1695.0,684.61,869.64,270.34,1711.59,684.61,2564.64,755.64,2548.05,954.95,1695.0,883.92
19,1,DATA_MATRIX,DM|BM|P019|I01|L854681,medium,standard,9,-3.07,portrait,moderate,-1.55,898.9,568.4,193.93,193.93,913.41,568.4,1092.83,582.91,1078.32,762.32,898.9,747.81
19,2,CODE_128,BM0190248659903,easy,standard,4,3.09,portrait,moderate,-1.55,711.02,835.95,665.12,217.62,711.02,853.64,1370.79,835.95,1376.15,1035.88,716.38,1053.56
20,1,DATA_MATRIX,DM|BM|P020|I01|L680914,medium,edge,7,-90.03,portrait,moderate,1.41,1881.56,2084.71,143.33,143.33,2021.52,2084.71,2024.89,2224.67,1884.93,2228.04,1881.56,2088.08
20,2,CODE_128,PO76361423099,medium,edge,3,1.8,portrait,moderate,1.41,108.09,1607.98,469.67,175.62,108.09,1633.83,569.36,1607.98,577.76,1757.75,116.48,1783.6
21,1,CODE_128,PO32177176967,hard,close,3,-3.45,portrait,moderate,1.03,1251.32,2267.3,467.93,169.41,1257.66,2267.3,1719.25,2286.85,1712.9,2436.71,1251.32,2417.17
21,2,QR_CODE,QR|BM|PAGE=021|INDEX=02|LOT=401944,medium,standard,6,1.71,portrait,moderate,1.03,1393.62,1096.98,207.22,207.22,1393.62,1106.43,1591.39,1096.98,1600.84,1294.75,1403.07,1304.2
21,3,DATA_MATRIX,(01)09506000352320(21)BM2103,medium,edge,7,-89.64,portrait,moderate,1.03,2139.85,1615.1,143.34,143.34,2279.81,1615.1,2283.2,1755.06,2143.24,1758.44,2139.85,1618.48
21,4,QR_CODE,https://example.invalid/balanced/021/04,medium,oblique,8,-14.38,portrait,moderate,1.03,1815.02,2499.26,356.36,356.36,1883.38,2499.26,2171.38,2567.63,2103.01,2855.62,1815.02,2787.25
22,1,QR_CODE,QR|BM|PAGE=022|INDEX=01|LOT=736432,medium,edge,5,-89.22,portrait,moderate,-0.69,230.26,1941.28,165.25,165.25,395.26,1941.28,395.51,2106.28,230.51,2106.53,230.26,1941.53
23,1,CODE_128,PO16864297086,medium,standard,2,-2.2,portrait,moderate,-0.65,1466.56,2076.09,312.59,115.18,1471.53,2076.09,1779.15,2091.4,1774.18,2191.28,1466.56,2175.97
23,2,DATA_MATRIX,DM|BM|P023|I02|L180739,easy,close,10,1.41,portrait,moderate,-0.65,701.23,994.01,202.64,202.64,701.23,996.67,901.21,994.01,903.87,1193.99,703.88,1196.65
23,3,DATA_MATRIX,DM|BM|P023|I03|L747004,easy,standard,8,-1.49,portrait,moderate,-0.65,866.09,2457.15,165.86,165.86,872.06,2457.15,1031.95,2463.12,1025.98,2623.01,866.09,2617.04
24,1,CODE_39,BM-24-01-1642,medium,standard,3,3.59,portrait,moderate,0.89,976.52,987.49,651.75,199.68,976.52,1037.63,1616.56,987.49,1628.28,1137.03,988.24,1187.18
25,1,CODE_128,LOT-750851-B25,medium,close,2,-2.29,landscape,heavy,1.66,286.59,846.44,397.08,104.36,287.7,846.44,683.67,850.81,682.57,950.8,286.59,946.43
25,2,DATA_MATRIX,DM|BM|P025|I02|L407733,hard,close,7,-0.62,landscape,heavy,1.66,1185.01,1044.14,142.51,142.51,1185.01,1046.67,1324.98,1044.14,1327.52,1184.11,1187.54,1186.65
25,3,QR_CODE,https://example.invalid/balanced/025/03,medium,close,7,-0.43,landscape,heavy,1.66,353.63,1173.01,264.49,264.49,353.63,1178.56,612.57,1173.01,618.12,1431.95,359.18,1437.5
25,4,DATA_MATRIX,DM|BM|P025|I04|L354440,medium,close,8,-3.76,landscape,heavy,1.66,1035.67,841.45,165.76,165.76,1041.54,841.45,1201.43,847.32,1195.56,1007.21,1035.67,1001.34
25,5,CODE_39,BM-25-05-3401,easy,edge,4,-2.62,landscape,heavy,1.66,2350.48,1756.47,859.24,214.35,2353.84,1756.47,3209.72,1770.84,3206.36,1970.81,2350.48,1956.44
25,6,CODE_128,BM0250630954567,easy,standard,4,0.61,landscape,heavy,1.66,1741.38,1030.74,667.4,225.96,1741.38,1056.85,2400.86,1030.74,2408.78,1230.58,1749.3,1256.7
25,7,CODE_128,LOT-986386-B25,hard,oblique,4,-13.81,landscape,heavy,1.66,1285.94,1799.43,816.35,362.24,1328.04,1799.43,2102.3,1966.15,2060.19,2161.67,1285.94,1994.95
26,1,DATA_MATRIX,DM|BM|P026|I01|L775261,easy,standard,9,-3.13,portrait,moderate,-1.4,201.97,1201.66,193.66,193.66,216.19,1201.66,395.63,1215.88,381.41,1395.32,201.97,1381.1
26,2,CODE_128,BM0260259679472,easy,standard,3,0.24,portrait,moderate,-1.4,210.91,463.18,497.94,160.0,213.95,463.18,708.85,473.21,705.81,623.18,210.91,613.15
26,3,CODE_39,BM-26-03-8911,easy,standard,4,-0.09,portrait,moderate,-1.4,254.42,2054.06,860.91,222.21,259.63,2054.06,1115.34,2076.33,1110.13,2276.27,254.42,2253.99
27,1,QR_CODE,https://example.invalid/balanced/027/01,easy,standard,7,-2.21,portrait,heavy,-2.39,835.15,794.94,278.92,278.92,855.91,794.94,1114.08,815.7,1093.32,1073.87,835.15,1053.11
27,2,CODE_128,BM0270292095476,easy,standard,3,0.34,portrait,heavy,-2.39,466.66,1522.94,500.04,167.58,472.02,1522.94,966.7,1540.62,961.35,1690.53,466.66,1672.85
29,1,DATA_MATRIX,DM|BM|P029|I01|L228874,medium,standard,8,0.22,portrait,moderate,0.55,1546.37,776.4,162.13,162.13,1546.37,778.55,1706.35,776.4,1708.5,936.39,1548.51,938.53
29,2,CODE_39,BM-29-02-8872,medium,standard,3,-2.41,portrait,moderate,0.55,1253.75,1175.59,646.54,170.79,1258.63,1175.59,1900.29,1196.46,1895.41,1346.38,1253.75,1325.51
30,1,DATA_MATRIX,DM|BM|P030|I01|L864698,medium,close,8,0.8,portrait,moderate,-1.34,1036.1,1853.07,161.49,161.49,1037.6,1853.07,1197.59,1854.57,1196.09,2014.56,1036.1,2013.06
31,1,CODE_39,BM-31-01-8295,easy,close,2,0.99,portrait,moderate,0.83,954.64,1437.32,430.96,113.56,954.64,1450.93,1382.43,1437.32,1385.61,1537.27,957.83,1550.88
31,2,CODE_39,BM-31-02-9594,easy,standard,3,0.92,portrait,moderate,0.83,976.92,508.33,646.29,169.57,976.92,527.97,1618.62,508.33,1623.21,658.26,981.51,677.9
32,1,CODE_39,BM-32-01-7579,medium,close,3,2.9,portrait,moderate,-0.98,594.59,838.79,646.66,171.42,594.59,860.29,1236.23,838.79,1241.26,988.71,599.62,1010.21
32,2,CODE_39,BM-32-02-4086,medium,standard,4,0.33,portrait,moderate,-0.98,1232.02,1265.41,858.22,209.71,1234.29,1265.41,2090.23,1275.13,2087.96,1475.12,1232.02,1465.4
33,1,DATA_MATRIX,DM|BM|P033|I01|L392981,medium,standard,10,3.13,portrait,moderate,-1.41,1009.96,1381.11,205.91,205.91,1009.96,1387.12,1209.87,1381.11,1215.88,1581.02,1015.97,1587.03
33,2,CODE_39,BM-33-02-9196,easy,standard,3,-2.61,portrait,moderate,-1.41,1014.16,2319.6,650.94,194.64,1024.68,2319.6,1665.1,2364.62,1654.58,2514.25,1014.16,2469.24
33,3,CODE_128,LOT-295789-B33,easy,standard,4,-2.81,portrait,moderate,-1.41,938.41,1068.71,804.57,257.74,953.13,1068.71,1742.98,1127.0,1728.26,1326.46,938.41,1268.17
34,1,DATA_MATRIX,DM|BM|P034|I01|L532310,easy,edge,8,-89.55,landscape,moderate,-0.73,389.83,1634.74,160.78,160.78,550.61,1635.52,549.83,1795.52,389.83,1794.74,390.61,1634.74
35,1,CODE_39,BM-35-01-4872,easy,standard,4,2.65,portrait,moderate,0.24,1389.93,1760.46,865.0,242.94,1389.93,1803.65,2244.84,1760.46,2254.93,1960.21,1400.02,2003.4
36,1,CODE_128,PO94640036224,medium,standard,4,-2.44,portrait,heavy,-0.98,800.93,1513.8,626.83,236.37,812.85,1513.8,1427.75,1550.53,1415.83,1750.17,800.93,1713.45
36,2,DATA_MATRIX,(01)09506000361568(21)BM3602,easy,standard,8,-0.54,portrait,heavy,-0.98,1568.17,824.92,164.18,164.18,1572.41,824.92,1732.35,829.16,1728.11,989.11,1568.17,984.87
36,3,CODE_39,BM-36-03-5397,hard,standard,3,-3.53,portrait,heavy,-0.98,1494.76,1537.06,651.8,200.0,1506.55,1537.06,2146.56,1587.52,2134.77,1737.06,1494.76,1686.6
36,4,DATA_MATRIX,(01)09506000353909(21)BM3604,medium,standard,7,0.62,portrait,heavy,-0.98,1171.91,1863.77,140.87,140.87,1172.78,1863.77,1312.78,1864.64,1311.91,2004.64,1171.91,2003.76
37,1,CODE_128,BM0370126977372,easy,standard,4,-2.83,portrait,moderate,-0.58,288.72,2369.21,670.72,238.86,300.6,2369.21,959.44,2408.43,947.55,2608.08,288.72,2568.86
38,1,QR_CODE,QR|BM|PAGE=038|INDEX=01|LOT=300160,medium,close,5,3.52,portrait,moderate,-0.44,531.75,1760.92,173.63,173.63,531.75,1769.79,696.51,1760.92,705.37,1925.68,540.61,1934.55
38,2,QR_CODE,QR|BM|PAGE=038|INDEX=02|LOT=966754,easy,close,6,2.28,portrait,moderate,-0.44,797.99,1784.25,204.26,204.26,797.99,1790.61,995.89,1784.25,1002.25,1982.15,804.35,1988.51
38,3,DATA_MATRIX,(01)09506000336735(21)BM3803,easy,close,9,2.53,portrait,moderate,-0.44,1040.02,1768.95,186.45,186.45,1040.02,1775.51,1219.9,1768.95,1226.46,1948.83,1046.58,1955.39
38,4,DATA_MATRIX,DM|BM|P038|I04|L558489,easy,close,9,2.89,portrait,moderate,-0.44,1375.1,1805.99,187.53,187.53,1375.1,1813.68,1554.93,1805.99,1562.63,1985.82,1382.79,1993.52
38,5,CODE_128,PO81621798430,medium,standard,2,-1.4,portrait,moderate,-0.44,693.65,2610.09,311.05,109.84,696.86,2610.09,1004.7,2619.97,1001.49,2719.92,693.65,2710.04
38,6,DATA_MATRIX,(01)09506000396327(21)BM3806,medium,standard,8,2.76,portrait,moderate,-0.44,324.07,1637.43,166.35,166.35,324.07,1643.91,483.94,1637.43,490.42,1797.3,330.55,1803.77
38,7,DATA_MATRIX,DM|BM|P038|I07|L785001,medium,standard,8,3.64,portrait,moderate,-0.44,167.81,1355.08,168.68,168.68,167.81,1364.01,327.56,1355.08,336.49,1514.83,176.74,1523.76
38,8,DATA_MATRIX,DM|BM|P038|I08|L254802,easy,standard,8,-1.89,portrait,moderate,-0.44,397.19,1397.96,166.37,166.37,403.7,1397.96,563.56,1404.46,557.06,1564.33,397.19,1557.83
38,9,DATA_MATRIX,DM|BM|P038|I09|L657671,medium,oblique,8,-20.82,portrait,moderate,-0.44,126.07,2146.72,207.13,207.13,184.08,2146.72,333.19,2204.73,275.18,2353.84,126.07,2295.83
40,1,CODE_39,BM-40-01-8172,easy,standard,2,-3.2,portrait,moderate,-0.7,1543.1,2229.95,433.81,128.87,1549.9,2229.95,1976.91,2259.05,1970.11,2358.82,1543.1,2329.72
40,2,CODE_128,LOT-488954-B40,medium,edge,4,-3.08,portrait,moderate,-0.7,151.68,814.67,803.46,251.77,164.86,814.67,955.14,866.87,941.95,1066.44,151.68,1014.24
40,3,QR_CODE,https://example.invalid/balanced/040/03,medium,standard,6,3.16,portrait,moderate,-0.7,1657.65,1106.8,231.33,231.33,1657.65,1116.33,1879.45,1106.8,1888.98,1328.6,1667.18,1338.13
40,4,QR_CODE,QR|BM|PAGE=040|INDEX=04|LOT=715643,easy,standard,5,-2.35,portrait,moderate,-0.7,557.36,2212.48,173.54,173.54,566.13,2212.48,730.9,2221.26,722.12,2386.03,557.36,2377.25
41,1,CODE_128,BM0410143665968,easy,edge,4,-91.36,portrait,moderate,-0.35,92.92,1112.55,219.63,665.68,312.55,1118.52,292.83,1778.23,92.92,1772.25,112.64,1112.55
41,2,CODE_128,PO27649430947,easy,standard,3,-2.07,portrait,moderate,-0.35,276.28,1862.22,467.93,169.39,282.62,1862.22,744.21,1881.75,737.87,2031.61,276.28,2012.09
41,3,CODE_128,PO93583198716,medium,edge,4,-90.31,portrait,moderate,-0.35,1746.98,1176.09,207.11,618.27,1954.08,1178.4,1946.96,1794.36,1746.98,1792.05,1754.1,1176.09
41,4,CODE_128,BM0410450794128,medium,standard,3,3.43,portrait,moderate,-0.35,610.71,1262.91,502.34,176.36,610.71,1289.48,1104.99,1262.91,1113.05,1412.69,618.76,1439.27
42,1,QR_CODE,QR|BM|PAGE=042|INDEX=01|LOT=408560,medium,oblique,5,19.85,portrait,moderate,0.73,1958.13,1320.0,212.47,212.47,1958.13,1378.0,2112.6,1320.0,2170.6,1474.47,2016.13,1532.47
43,1,QR_CODE,QR|BM|PAGE=043|INDEX=01|LOT=795540,easy,standard,6,2.87,landscape,moderate,-1.45,2537.38,1289.8,202.84,202.84,2537.38,1294.7,2735.32,1289.8,2740.22,1487.73,2542.28,1492.64
43,2,CODE_39,BM-43-02-9980,medium,standard,3,-0.63,landscape,moderate,-1.45,507.17,1640.92,647.02,173.21,512.62,1640.92,1154.2,1664.23,1148.75,1814.13,507.17,1790.82
43,3,CODE_128,BM0430351093599,medium,standard,2,-2.11,landscape,moderate,-1.45,1133.86,1454.24,335.57,120.3,1140.07,1454.24,1469.43,1474.74,1463.22,1574.54,1133.86,1554.05
44,1,QR_CODE,https://example.invalid/balanced/044/01,medium,standard,6,1.07,portrait,moderate,0.78,1449.03,641.25,229.07,229.07,1449.03,648.43,1670.92,641.25,1678.1,863.13,1456.22,870.32
45,1,CODE_128,PO25436874830,medium,standard,2,2.64,portrait,heavy,-0.03,1032.67,2499.11,312.23,113.91,1032.67,2513.12,1340.35,2499.11,1344.9,2599.01,1037.22,2613.02
46,1,CODE_39,BM-46-01-4331,medium,close,3,-1.9,landscape,heavy,-0.14,1311.5,845.43,646.94,172.79,1316.85,845.43,1958.44,868.31,1953.09,1018.21,1311.5,995.33
46,2,DATA_MATRIX,(01)09506000355892(21)BM4602,easy,close,7,-2.31,landscape,heavy,-0.14,1666.29,1606.15,145.86,145.86,1672.28,1606.15,1812.16,1612.15,1806.17,1752.02,1666.29,1746.03
46,3,DATA_MATRIX,(01)09506000371940(21)BM4603,easy,close,10,-0.84,landscape,heavy,-0.14,1635.59,582.37,203.4,203.4,1639.02,582.37,1838.99,585.8,1835.56,785.77,1635.59,782.34
46,4,QR_CODE,https://example.invalid/balanced/046/04,medium,close,6,-2.42,landscape,heavy,-0.14,2250.11,879.79,231.7,231.7,2260.03,879.79,2481.81,889.72,2471.88,1111.5,2250.11,1101.57
46,5,CODE_128,PO94714438391,hard,standard,3,-2.8,landscape,heavy,-0.14,479.72,1227.78,469.09,173.52,487.42,1227.78,948.81,1251.5,941.11,1401.3,479.72,1377.58
46,6,CODE_39,BM-46-06-9479,easy,standard,4,2.7,landscape,heavy,-0.14,2014.25,1779.85,864.07,238.0,2014.25,1818.05,2869.39,1779.85,2878.32,1979.65,2023.17,2017.85
46,7,QR_CODE,QR|BM|PAGE=046|INDEX=07|LOT=541546,medium,standard,5,-3.56,landscape,heavy,-0.14,1969.82,628.74,175.31,175.31,1980.47,628.74,2145.13,639.39,2134.47,804.05,1969.82,793.39
46,8,CODE_39,BM-46-08-2222,easy,standard,2,-1.84,landscape,heavy,-0.14,1934.19,1341.73,431.2,114.75,1937.65,1341.73,2365.39,1356.54,2361.93,1456.48,1934.19,1441.67
46,9,CODE_128,BM0460924022380,easy,oblique,4,-21.02,landscape,heavy,-0.14,419.69,976.32,687.69,424.78,491.89,976.32,1107.38,1214.59,1035.18,1401.1,419.69,1162.83
46,10,CODE_128,BM0461014409873,easy,standard,2,-1.2,landscape,heavy,-0.14,790.67,1672.28,332.25,107.7,793.01,1672.28,1122.92,1680.01,1120.58,1779.98,790.67,1772.25
47,1,CODE_128,PO33962621203,hard,standard,2,-1.52,portrait,moderate,-1.02,391.37,883.86,312.13,113.54,395.8,883.86,703.5,897.5,699.07,997.4,391.37,983.76
49,1,DATA_MATRIX,(01)09506000353873(21)BM4901,easy,edge,10,-91.25,portrait,moderate,0.08,583.01,2331.26,204.05,204.05,787.06,2335.35,782.97,2535.31,583.01,2531.22,587.1,2331.26
49,2,CODE_39,BM-49-02-3201,hard,standard,2,2.17,portrait,moderate,0.08,1127.29,2123.68,431.59,116.72,1127.29,2140.48,1554.96,2123.68,1558.88,2223.61,1131.21,2240.4
50,1,CODE_128,PO17643518436,easy,edge,4,88.84,portrait,moderate,1.01,588.4,1479.73,201.65,616.53,588.4,2095.73,590.05,1479.73,790.05,1480.27,788.4,2096.26
50,2,DATA_MATRIX,DM|BM|P050|I02|L886712,medium,standard,7,3.63,portrait,moderate,1.01,1636.24,2584.1,150.86,150.86,1636.24,2595.42,1775.79,2584.1,1787.1,2723.64,1647.56,2734.96
