page,index,value,rotation_deg,source_x,source_y,page_orientation,page_skew_deg,jpeg_quality_stage
1,1,RF9107933870Q1,90,1453,562,portrait,-1.59,54
2,1,RF6053807608Q1,1.7,786,1329,portrait,-0.07,46
3,1,RF1166544630Q1,-90,14,782,portrait,0.31,64
3,2,SYN003245818572,-1.6,329,399,portrait,0.31,64
4,1,PO82529051114,1.5,1318,461,portrait,0.43,71
5,1,PO24079823943,-9,608,1383,portrait,-1.64,62
6,1,RF9635825412Q1,12,1178,2318,portrait,-0.31,54
6,2,PO33446261219,90,44,1928,portrait,-0.31,54
7,1,LOT-951555-07,-90,1818,1023,portrait,-0.8,63
7,2,PO73862380946,-90,152,861,portrait,-0.8,63
7,3,SYN007347154125,12,526,2323,portrait,-0.8,63
8,1,RF5350847625Q1,-0.4,2161,1327,landscape,-1.03,51
9,1,LOT-664081-09,-14,467,1411,portrait,-1.18,67
9,2,SYN009229497479,1.9,764,2140,portrait,-1.18,67
10,1,SYN010112342112,90,1381,1427,portrait,0.9,59
11,1,PO98660742283,-14,821,2030,portrait,-0.8,44
12,1,SYN012142341108,-90,1872,651,portrait,-1.08,45
12,2,SYN012289012935,-0.3,578,1089,portrait,-1.08,45
13,1,LOT-638306-13,0.9,1199,2273,portrait,-1.48,70
13,2,LOT-289774-13,0.8,117,1852,portrait,-1.48,70
13,3,PO80203056370,-1.0,831,1479,portrait,-1.48,70
13,4,SYN013489278109,-1.2,247,307,portrait,-1.48,70
14,1,PO11526640842,-90,110,621,portrait,-1.53,72
14,2,LOT-586263-14,7,259,2673,portrait,-1.53,72
14,3,RF5260226319Q3,0.7,726,432,portrait,-1.53,72
15,1,RF6547709749Q1,1.2,166,1798,landscape,-0.59,69
15,2,LOT-951494-15,-90,2405,459,landscape,-0.59,69
16,1,SYN016164354516,-90,126,770,portrait,1.57,66
17,1,SYN017116060259,-90,1786,576,portrait,-0.33,61
18,1,RF1523552857Q1,-1.6,421,1484,portrait,-3.2,44
18,2,PO15135608313,-9,647,2408,portrait,-3.2,44
19,1,SYN019160739657,1.1,937,327,portrait,0.95,54
20,1,SYN020140036461,-9,1598,881,portrait,-1.2,53
21,1,PO77238513191,-1.8,298,1530,landscape,-0.57,69
21,2,LOT-851094-21,-1.4,1001,1259,landscape,-0.57,69
21,3,LOT-339628-21,90,2879,829,landscape,-0.57,69
22,1,PO77012421260,1.3,297,2749,portrait,-0.55,70
23,1,LOT-908329-23,90,132,1621,portrait,0.62,66
24,1,SYN024116828815,-90,60,1137,portrait,0.23,48
24,2,LOT-389448-24,-90,1581,807,portrait,0.23,48
25,1,PO64545322687,-0.8,465,2618,portrait,1.68,53
26,1,LOT-651645-26,1.7,498,354,portrait,0.94,61
26,2,LOT-193952-26,-0.4,1016,1916,portrait,0.94,61
26,3,PO81788026680,-0.9,1036,1182,portrait,0.94,61
26,4,LOT-434484-26,90,29,866,portrait,0.94,61
27,1,SYN027173767095,-0.5,489,395,portrait,1.37,53
27,2,PO86433101231,7,1124,1106,portrait,1.37,53
28,1,PO13609359820,-1.6,135,2066,portrait,1.26,58
28,2,PO46467339013,1.6,1080,841,portrait,1.26,58
28,3,RF1263308501Q3,-1.4,1340,351,portrait,1.26,58
29,1,SYN029111140195,12,1384,683,landscape,1.11,61
30,1,SYN030117185706,90,1580,344,portrait,1.44,54
30,2,RF9440653407Q2,12,898,1200,portrait,1.44,54
31,1,RF9631210457Q1,90,102,1110,portrait,-1.13,63
32,1,LOT-225561-32,-90,148,1613,portrait,-0.47,55
33,1,RF4593805462Q1,90,1739,1427,portrait,-1.13,50
33,2,PO16202004263,7,504,431,portrait,-1.13,50
34,1,RF5679157361Q1,90,1806,2240,portrait,0.36,44
35,1,SYN035127928748,-1.0,864,1288,portrait,1.51,61
35,2,SYN035225133076,0.9,557,494,portrait,1.51,61
35,3,SYN035336673794,-1.7,864,2509,portrait,1.51,61
36,1,PO18354365100,1.1,2334,1151,landscape,-0.55,64
36,2,SYN036218870108,0.1,1386,966,landscape,-0.55,64
37,1,SYN037113285693,-14,372,2567,portrait,-3.2,46
38,1,LOT-614662-38,0.9,602,316,portrait,-0.89,61
39,1,PO23067062058,0.7,632,976,portrait,0.37,71
39,2,LOT-353170-39,-90,115,1238,portrait,0.37,71
39,3,RF7210446057Q3,-90,1929,1450,portrait,0.37,71
39,4,LOT-876876-39,-14,404,427,portrait,0.37,71
40,1,LOT-818891-40,12,909,489,portrait,-0.97,60
41,1,RF5982224052Q1,-1.1,837,907,portrait,-1.47,52
42,1,PO76925568982,-14,825,1592,portrait,1.57,59
42,2,SYN042298023378,90,31,1378,portrait,1.57,59
42,3,RF3818717055Q3,-0.6,780,2731,portrait,1.57,59
43,1,SYN043172040149,-14,488,263,landscape,1.0,47
44,1,PO33112500453,12,1610,520,portrait,-1.07,55
45,1,RF5637107025Q1,-0.6,144,2113,portrait,-0.65,48
45,2,RF7955053201Q2,90,14,1099,portrait,-0.65,48
46,1,PO80497900391,1.7,602,1430,portrait,-0.11,49
47,1,LOT-129878-47,-1.2,523,1975,portrait,1.08,65
48,1,LOT-149138-48,-1.0,701,888,portrait,1.41,64
48,2,RF5473448170Q2,1.8,1005,2040,portrait,1.41,64
49,1,RF9318000538Q1,0.1,1077,813,landscape,-0.43,59
49,2,RF7399563002Q2,-14,2151,1524,landscape,-0.43,59
49,3,PO69961523109,1.3,1128,443,landscape,-0.43,59
50,1,RF2870384792Q1,-90,136,1215,portrait,-0.89,43
