page,index,format,value,difficulty,scenario,cluster_id,scale,rotation_deg,page_orientation,noise_level,page_skew_deg,page_aabb_x,page_aabb_y,page_aabb_width,page_aabb_height,q0_x,q0_y,q1_x,q1_y,q2_x,q2_y,q3_x,q3_y
1,1,DATA_MATRIX,SN13573566533-MX01,hard,standard,,6,-5.29,portrait,moderate,0.62,1539.23,1378.63,116.44,116.44,1548.03,1378.63,1655.67,1387.43,1646.87,1495.07,1539.23,1486.27
1,2,CODE_128,MX0010220928831,easy,small,,1,-6.68,portrait,moderate,0.62,552.43,2226.68,169.36,67.15,557.71,2226.68,721.78,2244.12,716.5,2293.84,552.43,2276.4
1,3,QR_CODE,https://example.invalid/mixed/001/03/4492,medium,edge,,4,0.3,portrait,moderate,0.62,525.01,2501.4,150.35,150.35,525.01,2503.77,672.99,2501.4,675.35,2649.38,527.37,2651.75
2,1,QR_CODE,SYN-MIX-002-01-73397102,extreme,small,,1,6.41,portrait,moderate,-0.77,1360.02,2385.77,31.71,31.71,1360.02,2388.62,1388.88,2385.77,1391.73,2414.63,1362.87,2417.48
3,1,DATA_MATRIX,(01)09506000229170(21)MX0301,easy,standard,,7,1.92,portrait,heavy,3.09,1528.38,2669.32,151.69,151.69,1528.38,2681.55,1667.85,2669.32,1680.08,2808.79,1540.61,2821.02
3,2,CODE_39,MX-03-02-4956,hard,edge,,3,89.82,portrait,heavy,3.09,1299.26,446.43,182.41,648.79,1331.86,1095.22,1299.26,454.05,1449.07,446.43,1481.67,1087.6
3,3,DATA_MATRIX,SN51968854884-MX03,medium,oblique,,7,25.98,portrait,heavy,3.09,836.43,497.65,171.35,171.35,836.43,558.87,946.56,497.65,1007.78,607.77,897.65,668.99
4,1,CODE_128,MX0040168565718,extreme,standard,,1,-5.54,portrait,moderate,0.51,349.85,972.45,168.75,64.27,354.23,972.45,518.6,986.91,514.22,1036.71,349.85,1022.26
4,2,QR_CODE,QR|MX|PAGE=004|INDEX=02|LOT=214688,easy,standard,,2,4.2,portrait,moderate,0.51,659.64,813.68,71.2,71.2,659.64,819.1,725.42,813.68,730.84,879.45,665.07,884.88
4,3,DATA_MATRIX,DM|MX|P004|I03|L569945,easy,edge,,5,91.95,portrait,moderate,0.51,1896.57,492.9,104.21,104.21,1900.86,597.1,1896.57,497.19,1996.47,492.9,2000.77,592.8
4,4,CODE_39,MX-04-04-9451,easy,standard,,3,5.31,portrait,moderate,0.51,542.34,1225.58,653.91,214.36,542.34,1290.72,1181.03,1225.58,1196.25,1374.81,557.56,1439.94
4,5,DATA_MATRIX,SN95475549903-MX04,easy,standard,,9,-1.97,portrait,moderate,0.51,1346.87,1437.66,166.07,166.07,1350.99,1437.66,1512.94,1441.78,1508.82,1603.73,1346.87,1599.61
6,1,CODE_128,PO51461438668,hard,low_contrast,,3,2.17,portrait,heavy,-3.56,649.94,2262.12,465.5,161.17,653.58,2262.12,1115.44,2273.34,1111.8,2423.29,649.94,2412.08
6,2,CODE_128,PO98734342321,hard,small,,1,-5.35,portrait,heavy,-3.56,1692.81,2171.15,159.89,73.25,1700.55,2171.15,1852.7,2195.01,1844.95,2244.4,1692.81,2220.55
6,3,CODE_39,MX-06-03-6808,easy,low_contrast,,2,-4.29,portrait,heavy,-3.56,1740.56,590.61,437.65,157.52,1754.22,590.61,2178.2,649.08,2164.54,748.14,1740.56,689.68
6,4,CODE_39,MX-06-04-6660,medium,standard,,2,0.37,portrait,heavy,-3.56,727.87,1926.0,432.9,123.67,733.43,1926.0,1160.77,1949.83,1155.2,2049.67,727.87,2025.85
6,5,CODE_128,LOT-486887-P06,medium,standard,,4,-4.29,portrait,heavy,-3.56,1289.44,733.25,811.9,306.31,1316.76,733.25,2101.34,841.43,2074.02,1039.55,1289.44,931.37
7,1,DATA_MATRIX,DM|MX|P007|I01|L742320,extreme,standard,,3,2.48,landscape,moderate,0.34,1349.59,1931.46,62.88,62.88,1349.59,1934.42,1409.52,1931.46,1412.47,1991.39,1352.55,1994.35
7,2,QR_CODE,SYN-MIX-007-02-12952846,medium,low_contrast,,7,3.65,landscape,moderate,0.34,776.09,1836.06,216.65,216.65,776.09,1850.2,978.59,1836.06,992.73,2038.57,790.23,2052.71
7,3,QR_CODE,QR|MX|PAGE=007|INDEX=03|LOT=671853,easy,small,,3,-1.02,landscape,moderate,0.34,2842.69,1116.23,100.16,100.16,2843.86,1116.23,2942.85,1117.4,2941.69,1216.39,2842.69,1215.22
7,4,DATA_MATRIX,(01)09506000299925(21)MX0704,hard,small,,3,1.45,landscape,moderate,0.34,724.19,1344.73,61.85,61.85,724.19,1346.61,784.16,1344.73,786.04,1404.7,726.07,1406.58
7,5,DATA_MATRIX,(01)09506000214591(21)MX0705,hard,oblique,,6,32.39,landscape,moderate,0.34,2193.66,968.59,165.83,165.83,2193.66,1033.48,2294.6,968.59,2359.49,1069.53,2258.55,1134.42
8,1,QR_CODE,QR|MX|PAGE=008|INDEX=01|LOT=123041,medium,low_contrast,,3,-0.04,portrait,moderate,0.62,362.49,1703.18,99.99,99.99,362.49,1704.18,461.48,1703.18,462.48,1802.18,363.48,1803.17
8,2,QR_CODE,QR|MX|PAGE=008|INDEX=02|LOT=619544,hard,oblique,,2,-29.43,portrait,moderate,0.62,1026.44,2718.76,89.64,89.64,1058.25,2718.76,1116.08,2750.56,1084.27,2808.39,1026.44,2776.59
8,3,QR_CODE,https://example.invalid/mixed/008/03/7774,hard,small,,2,-6.01,portrait,moderate,0.62,179.71,1904.45,80.63,80.63,186.66,1904.45,260.34,1911.4,253.38,1985.07,179.71,1978.12
8,4,CODE_39,MX-08-04-5311,hard,standard,,2,-0.21,portrait,moderate,0.62,533.01,2385.59,428.7,103.04,533.01,2388.63,961.0,2385.59,961.71,2485.59,533.72,2488.63
9,1,DATA_MATRIX,DM|MX|P009|I01|L803714,easy,standard,,2,0.73,portrait,heavy,-1.58,877.14,2111.34,40.59,40.59,877.73,2111.34,917.73,2111.93,917.13,2151.93,877.14,2151.34
9,2,QR_CODE,SYN-MIX-009-02-85233508,extreme,standard,,6,-3.84,portrait,heavy,-1.58,1124.79,1423.44,189.65,189.65,1141.21,1423.44,1314.44,1439.86,1298.01,1613.09,1124.79,1596.66
9,3,DATA_MATRIX,DM|MX|P009|I03|L607142,medium,standard,,4,1.34,portrait,heavy,-1.58,283.68,1457.46,80.33,80.33,284.01,1457.46,364.01,1457.79,363.68,1537.79,283.68,1537.46
9,4,CODE_128,LOT-925465-P09,easy,standard,,3,-0.95,portrait,heavy,-1.58,943.92,1318.88,600.03,176.03,950.53,1318.88,1543.95,1345.05,1537.34,1494.91,943.92,1468.73
9,5,DATA_MATRIX,DM|MX|P009|I05|L876898,medium,standard,,7,0.54,portrait,heavy,-1.58,1860.2,1784.71,142.51,142.51,1862.73,1784.71,2002.71,1787.25,2000.18,1927.22,1860.2,1924.69
10,1,CODE_128,LOT-965796-P10,easy,clustered,1,2,0.56,portrait,heavy,-0.31,474.19,1781.57,396.43,101.73,474.19,1783.3,870.18,1781.57,870.62,1881.57,474.62,1883.3
10,2,CODE_128,MX0100277708708,hard,overlapped,1,3,11.65,portrait,heavy,-0.31,734.51,1887.27,514.83,244.41,734.51,1984.6,1219.84,1887.27,1249.34,2034.34,764.0,2131.68
10,3,CODE_128,PO83696827415,hard,clustered,1,2,0.74,portrait,heavy,-0.31,859.89,1773.13,308.74,102.31,859.89,1775.44,1167.88,1773.13,1168.63,1873.12,860.64,1875.44
10,4,QR_CODE,QR|MX|PAGE=010|INDEX=04|LOT=562457,hard,overlapped,2,4,-88.85,portrait,heavy,-0.31,584.47,2130.06,133.92,133.92,716.46,2130.06,718.39,2262.05,586.41,2263.99,584.47,2132.0
10,5,DATA_MATRIX,(01)09506000253601(21)MX1005,medium,clustered,2,2,88.22,portrait,heavy,-0.31,673.68,2185.38,41.43,41.43,673.68,2225.35,675.13,2185.38,715.11,2186.83,713.65,2226.81
10,6,DATA_MATRIX,(01)09506000211564(21)MX1006,easy,small,2,2,-88.04,portrait,heavy,-0.31,829.18,2116.32,41.14,41.14,869.17,2116.32,870.32,2156.3,830.34,2157.45,829.18,2117.47
10,7,CODE_128,PO39648842606,easy,low_contrast,,2,92.24,portrait,heavy,-0.31,1342.29,2039.76,110.32,311.19,1352.67,2350.95,1342.29,2043.13,1442.24,2039.76,1452.61,2347.59
10,8,DATA_MATRIX,DM|MX|P010|I08|L473085,medium,low_contrast,,6,-90.53,portrait,heavy,-0.31,353.26,1451.3,121.75,121.75,475.0,1453.06,473.25,1573.04,353.26,1571.29,355.02,1451.3
10,9,QR_CODE,https://example.invalid/mixed/010/09/6718,medium,small,,2,-16.63,portrait,heavy,-0.31,1164.56,2335.8,92.35,92.35,1186.12,2335.8,1256.91,2357.36,1235.35,2428.15,1164.56,2406.59
10,10,CODE_128,PO55229586467,medium,standard,,4,12.91,portrait,heavy,-0.31,692.22,1564.88,644.79,329.56,692.22,1699.26,1293.38,1564.88,1337.01,1760.06,735.85,1894.44
10,11,DATA_MATRIX,(01)09506000240887(21)MX1011,extreme,small,,3,-88.37,portrait,heavy,-0.31,1077.4,1860.68,61.37,61.37,1137.39,1860.68,1138.77,1920.66,1078.79,1922.05,1077.4,1862.06
10,12,CODE_128,LOT-249489-P10,easy,oblique,,1,33.03,portrait,heavy,-0.31,1282.22,1058.12,193.61,149.09,1282.22,1165.15,1448.8,1058.12,1475.83,1100.19,1309.24,1207.21
11,1,QR_CODE,https://example.invalid/mixed/011/01/1087,hard,standard,,5,4.71,portrait,severe,3.34,1679.29,1202.75,209.08,209.08,1679.29,1228.64,1862.47,1202.75,1888.36,1385.92,1705.18,1411.82
13,1,DATA_MATRIX,SN80313732149-MX13,medium,edge,,3,91.43,portrait,moderate,2.26,2164.02,2916.35,57.37,57.37,2167.5,2973.72,2164.02,2919.83,2217.91,2916.35,2221.39,2970.24
13,2,CODE_128,MX0130293927495,extreme,low_contrast,,1,3.28,portrait,moderate,2.26,909.07,841.59,169.06,65.71,909.07,857.53,1073.3,841.59,1078.13,891.35,913.9,907.3
14,1,QR_CODE,https://example.invalid/mixed/014/01/3571,extreme,oblique,,7,-26.68,landscape,moderate,-0.23,660.43,1706.69,348.18,348.18,777.66,1706.69,1008.61,1823.92,891.38,2054.87,660.43,1937.64
14,2,QR_CODE,SYN-MIX-014-02-96599319,easy,standard,,9,1.6,landscape,moderate,-0.23,600.38,1704.2,267.16,267.16,600.38,1710.43,861.3,1704.2,867.54,1965.12,606.61,1971.36
15,1,CODE_128,PO36676600213,easy,standard,,4,5.53,portrait,heavy,3.24,1499.63,842.79,639.3,291.62,1499.63,936.75,2108.42,842.79,2138.93,1040.45,1530.14,1134.41
15,2,QR_CODE,https://example.invalid/mixed/015/02/6941,medium,small,,2,-6.53,portrait,heavy,3.24,1194.03,1773.06,78.12,78.12,1198.27,1773.06,1272.15,1777.3,1267.91,1851.18,1194.03,1846.94
15,3,CODE_39,MX-15-03-2348,hard,standard,,3,-5.9,portrait,heavy,3.24,300.27,1306.09,648.26,179.59,307.22,1306.09,948.53,1335.84,941.58,1485.68,300.27,1455.93
15,4,CODE_128,LOT-608901-P15,medium,low_contrast,,2,-0.5,portrait,heavy,3.24,1515.17,976.07,400.33,118.84,1515.17,995.03,1910.72,976.07,1915.51,1075.95,1519.96,1094.91
15,5,DATA_MATRIX,DM|MX|P015|I05|L523587,medium,oblique,,3,-29.34,portrait,heavy,3.24,2092.25,1616.67,80.28,80.28,2118.64,1616.67,2172.53,1643.06,2146.13,1696.95,2092.25,1670.55
16,1,DATA_MATRIX,DM|MX|P016|I01|L799409,medium,edge,,2,88.44,portrait,moderate,1.98,206.51,1384.17,40.29,40.29,206.8,1424.47,206.51,1384.47,246.51,1384.17,246.8,1424.17
16,2,CODE_128,LOT-326407-P16,hard,oblique,,2,24.26,portrait,moderate,1.98,457.82,715.05,399.41,264.77,457.82,890.13,813.01,715.05,857.22,804.74,502.03,979.82
16,3,CODE_128,MX0160384454274,easy,small,,1,-2.76,portrait,moderate,1.98,1145.65,2334.19,165.67,52.24,1146.33,2334.19,1311.32,2336.44,1310.64,2386.44,1145.65,2384.19
16,4,QR_CODE,QR|MX|PAGE=016|INDEX=04|LOT=206194,medium,low_contrast,,5,-1.69,portrait,moderate,1.98,389.35,1915.79,165.83,165.83,389.35,1916.62,554.35,1915.79,555.18,2080.78,390.19,2081.62
16,5,CODE_128,PO30257667981,easy,standard,,3,1.48,portrait,moderate,1.98,1699.64,2360.16,470.21,177.6,1699.64,2388.04,2160.8,2360.16,2169.85,2509.89,1708.69,2537.76
17,1,DATA_MATRIX,SN42431318763-MX17,medium,edge,,5,-91.3,portrait,moderate,1.91,2112.56,1649.42,90.96,90.96,2202.55,1649.42,2203.51,1739.42,2113.52,1740.38,2112.56,1650.38
17,2,QR_CODE,https://example.invalid/mixed/017/02/1250,hard,standard,,7,-6.57,portrait,moderate,1.91,660.98,2238.14,279.18,279.18,682.01,2238.14,940.15,2259.18,919.12,2517.32,660.98,2496.29
18,1,DATA_MATRIX,(01)09506000274592(21)MX1801,easy,standard,,8,0.42,portrait,heavy,-1.73,1483.98,2068.51,163.6,163.6,1487.63,2068.51,1647.59,2072.16,1643.94,2232.11,1483.98,2228.47
20,1,DATA_MATRIX,DM|MX|P020|I01|L627730,extreme,overlapped,1,3,-88.87,landscape,heavy,1.26,1834.29,1345.68,62.45,62.45,1894.24,1345.68,1896.74,1405.63,1836.79,1408.13,1834.29,1348.18
20,2,CODE_128,MX0200262554895,medium,small,1,1,-19.77,landscape,heavy,1.26,1928.6,1405.04,172.34,99.8,1944.47,1405.04,2100.94,1457.42,2085.06,1504.83,1928.6,1452.45
20,3,QR_CODE,QR|MX|PAGE=020|INDEX=03|LOT=456776,medium,clustered,1,6,-15.67,landscape,heavy,1.26,2122.78,1330.95,241.05,241.05,2172.05,1330.95,2363.82,1380.22,2314.55,1571.99,2122.78,1522.72
20,4,CODE_128,LOT-530293-P20,medium,small,2,1,89.5,landscape,heavy,1.26,480.62,1220.6,52.62,198.65,483.25,1419.25,480.62,1221.27,530.62,1220.6,533.25,1418.59
20,5,DATA_MATRIX,DM|MX|P020|I05|L129833,medium,standard,,3,13.33,landscape,heavy,1.26,1631.8,857.23,73.18,73.18,1631.8,872.35,1689.86,857.23,1704.98,915.3,1646.91,930.41
20,6,CODE_39,MX-20-06-2557,easy,small,,1,0.2,landscape,heavy,1.26,149.9,1595.9,215.2,55.44,149.9,1601.35,363.83,1595.9,365.1,1645.88,151.17,1651.33
20,7,CODE_39,MX-20-07-9959,medium,standard,,3,-87.71,landscape,heavy,1.26,1277.18,1212.46,189.46,650.06,1426.9,1212.46,1466.65,1853.23,1316.93,1862.52,1277.18,1221.75
20,8,DATA_MATRIX,(01)09506000259503(21)MX2008,hard,low_contrast,,5,2.18,landscape,heavy,1.26,2320.56,1089.06,105.82,105.82,2320.56,1095.06,2420.38,1089.06,2426.38,1188.88,2326.56,1194.88
20,9,CODE_128,MX0200910137075,easy,standard,,1,89.81,landscape,heavy,1.26,1002.6,717.45,53.07,165.9,1005.68,883.35,1002.6,718.38,1052.59,717.45,1055.67,882.42
21,1,QR_CODE,https://example.invalid/mixed/021/01/6751,medium,low_contrast,,7,-6.53,portrait,heavy,1.79,525.63,563.43,279.5,279.5,547.01,563.43,805.12,584.81,783.74,842.93,525.63,821.55
21,2,QR_CODE,QR|MX|PAGE=021|INDEX=02|LOT=204690,hard,standard,,6,-2.59,portrait,heavy,1.79,510.99,1599.4,200.73,200.73,513.74,1599.4,711.72,1602.15,708.97,1800.13,510.99,1797.38
21,3,CODE_128,LOT-411907-P21,easy,edge,,1,2.1,portrait,heavy,1.79,370.5,941.15,200.94,63.33,370.5,954.59,568.04,941.15,571.44,991.03,373.89,1004.48
22,1,DATA_MATRIX,DM|MX|P022|I01|L940049,medium,standard,,5,1.93,portrait,severe,-3.46,1797.65,2916.66,102.63,102.63,1800.31,2916.66,1900.27,2919.32,1897.61,3019.29,1797.65,3016.62
22,2,CODE_128,PO30273656619,medium,small,,1,-5.65,portrait,severe,-3.46,1511.7,2545.96,159.97,73.74,1519.62,2545.96,1671.68,2570.33,1663.76,2619.7,1511.7,2595.33
22,3,CODE_39,MX-22-03-6802,hard,standard,,1,0.49,portrait,severe,-3.46,1609.82,865.8,216.3,61.0,1612.41,865.8,1826.12,876.87,1823.54,926.81,1609.82,915.73
23,1,CODE_128,PO38403092702,medium,low_contrast,,2,2.74,portrait,moderate,2.05,331.45,2414.66,315.28,125.38,331.45,2440.39,638.37,2414.66,646.73,2514.31,339.8,2540.04
23,2,CODE_39,MX-23-02-4286,medium,low_contrast,,3,-5.48,portrait,moderate,2.05,595.97,1360.22,649.82,188.12,604.94,1360.22,1245.79,1398.61,1236.82,1548.34,595.97,1509.96
23,3,DATA_MATRIX,SN47363024321-MX23,medium,small,,2,-4.26,portrait,moderate,2.05,753.32,2232.42,37.36,37.36,754.71,2232.42,790.68,2233.81,789.29,2269.78,753.32,2268.39
23,4,DATA_MATRIX,(01)09506000223889(21)MX2304,hard,small,,1,-0.88,portrait,moderate,2.05,334.38,2345.23,20.4,20.4,334.38,2345.64,354.37,2345.23,354.78,2365.22,334.78,2365.63
24,1,CODE_39,MX-24-01-3226,hard,low_contrast,,2,4.0,portrait,heavy,0.58,1574.7,2468.96,434.62,133.88,1574.7,2503.17,2001.33,2468.96,2009.32,2568.64,1582.69,2602.85
24,2,DATA_MATRIX,(01)09506000296846(21)MX2402,hard,small,,3,2.06,portrait,heavy,0.58,655.91,1356.74,62.7,62.7,655.91,1359.51,715.85,1356.74,718.62,1416.68,658.68,1419.45
24,3,CODE_39,MX-24-03-3707,hard,standard,,3,4.92,portrait,heavy,0.58,321.96,2038.14,653.43,210.88,321.96,2099.72,961.0,2038.14,975.38,2187.45,336.34,2249.03
25,1,CODE_128,LOT-314776-P25,hard,standard,,3,-3.9,portrait,moderate,0.2,1146.64,2580.08,602.44,188.02,1156.32,2580.08,1749.08,2618.42,1739.4,2768.11,1146.64,2729.77
26,1,CODE_128,LOT-761505-P26,medium,standard,,1,-0.35,portrait,moderate,2.07,1577.82,1460.93,199.41,55.94,1577.82,1466.89,1775.73,1460.93,1777.23,1510.91,1579.32,1516.87
26,2,DATA_MATRIX,SN69809277355-MX26,medium,small,,1,0.66,portrait,moderate,2.07,759.2,2804.25,18.84,18.84,759.2,2805.11,777.18,2804.25,778.04,2822.23,760.06,2823.09
26,3,CODE_128,LOT-667566-P26,medium,small,,1,0.81,portrait,moderate,2.07,1262.28,945.02,200.27,59.9,1262.28,954.99,1460.03,945.02,1462.55,994.96,1264.8,1004.92
26,4,DATA_MATRIX,SN13599061625-MX26,hard,small,,1,2.28,portrait,moderate,2.07,635.29,1677.75,19.31,19.31,635.29,1679.12,653.24,1677.75,654.6,1695.7,636.65,1697.07
26,5,CODE_39,MX-26-05-7973,easy,standard,,2,-6.87,portrait,moderate,2.07,286.3,986.5,434.86,135.43,294.66,986.5,721.16,1022.28,712.8,1121.93,286.3,1086.15
28,1,CODE_128,LOT-531486-P28,hard,standard,,1,4.49,landscape,moderate,1.99,1146.78,729.04,202.38,72.03,1146.78,751.38,1343.51,729.04,1349.15,778.72,1152.42,801.06
28,2,CODE_39,MX-28-02-9426,medium,low_contrast,,3,4.06,landscape,moderate,1.99,1991.49,1169.72,654.23,216.83,1991.49,1237.39,2629.91,1169.72,2645.72,1318.88,2007.3,1386.55
28,3,CODE_128,PO10443509450,extreme,small,,1,-4.56,landscape,moderate,1.99,636.56,552.04,156.09,56.85,638.8,552.04,792.64,558.94,790.4,608.89,636.56,601.99
28,4,DATA_MATRIX,(01)09506000229873(21)MX2804,easy,standard,,2,-4.67,landscape,moderate,1.99,556.08,1154.64,41.83,41.83,557.95,1154.64,597.9,1156.51,596.03,1196.47,556.08,1194.6
29,1,DATA_MATRIX,(01)09506000233231(21)MX2901,easy,standard,,8,1.58,portrait,moderate,-0.51,487.78,2952.03,162.97,162.97,487.78,2955.02,647.75,2952.03,650.75,3112.0,490.77,3114.99
30,1,CODE_39,MX-30-01-9443,easy,clustered,1,1,-19.03,portrait,heavy,3.49,1068.94,2152.24,219.57,105.52,1082.34,2152.24,1288.51,2209.58,1275.11,2257.75,1068.94,2200.41
30,2,QR_CODE,QR|MX|PAGE=030|INDEX=02|LOT=293975,hard,small,1,1,-1.06,portrait,heavy,3.49,1183.89,2211.18,34.37,34.37,1183.89,2212.57,1216.86,2211.18,1218.26,2244.15,1185.29,2245.54
30,3,CODE_39,MX-30-03-3498,hard,clustered,1,3,0.22,portrait,heavy,3.49,1662.27,2079.34,650.35,191.19,1662.27,2120.84,2302.93,2079.34,2312.62,2229.02,1671.97,2270.53
30,4,DATA_MATRIX,DM|MX|P030|I04|L681270,hard,small,2,2,-15.82,portrait,heavy,3.49,950.31,2059.15,47.62,47.62,958.86,2059.15,997.93,2067.69,989.39,2106.77,950.31,2098.23
30,5,DATA_MATRIX,(01)09506000261100(21)MX3005,easy,small,2,1,14.81,portrait,heavy,3.49,1087.47,2130.71,25.27,25.27,1087.47,2136.98,1106.46,2130.71,1112.74,2149.69,1093.75,2155.97
30,6,CODE_128,PO71935809454,hard,small,2,1,-15.64,portrait,heavy,3.49,1191.88,2055.18,161.07,81.3,1202.4,2055.18,1352.95,2087.6,1342.42,2136.48,1191.88,2104.06
30,7,QR_CODE,QR|MX|PAGE=030|INDEX=07|LOT=931181,medium,overlapped,3,5,-20.23,portrait,heavy,3.49,1365.09,1395.01,205.54,205.54,1412.62,1395.01,1570.63,1442.54,1523.09,1600.55,1365.09,1553.02
30,8,CODE_128,LOT-300010-P30,medium,standard,,3,-88.99,portrait,heavy,3.49,1067.21,1877.71,196.11,603.93,1216.75,1877.71,1263.32,2469.89,1113.78,2481.65,1067.21,1889.47
30,9,QR_CODE,QR|MX|PAGE=030|INDEX=09|LOT=664616,easy,edge,,4,-90.85,portrait,heavy,3.49,479.92,3093.28,137.93,137.93,611.78,3093.28,617.85,3225.14,485.99,3231.22,479.92,3099.36
30,10,CODE_39,MX-30-10-1703,medium,standard,,1,-17.24,portrait,heavy,3.49,995.21,2927.03,219.75,99.44,1007.09,2927.03,1214.96,2977.91,1203.07,3026.48,995.21,2975.6
30,11,CODE_39,MX-30-11-8512,easy,oblique,,2,22.15,portrait,heavy,3.49,777.97,1821.37,429.13,275.34,777.97,2006.55,1163.83,1821.37,1207.1,1911.53,821.23,2096.71
30,12,CODE_39,MX-30-12-8129,hard,low_contrast,,2,-92.33,portrait,heavy,3.49,2060.91,2116.09,108.62,429.93,2160.89,2116.09,2169.53,2544.01,2069.55,2546.03,2060.91,2118.11
30,13,CODE_128,MX0301398413564,easy,standard,,4,-19.99,portrait,heavy,3.49,929.48,2050.71,689.62,379.25,986.29,2050.71,1619.1,2238.19,1562.29,2429.95,929.48,2242.47
30,14,CODE_128,LOT-127859-P30,medium,standard,,4,88.52,portrait,heavy,3.49,1405.49,1243.77,227.61,798.52,1433.22,2042.29,1405.49,1250.78,1605.36,1243.77,1633.1,2035.29
31,1,QR_CODE,QR|MX|PAGE=031|INDEX=01|LOT=717525,medium,edge,,6,-4.15,portrait,moderate,1.1,2002.1,1674.0,208.27,208.27,2012.65,1674.0,2210.37,1684.55,2199.82,1882.26,2002.1,1871.72
31,2,CODE_39,MX-31-02-1593,easy,oblique,,4,-29.88,portrait,moderate,1.1,1276.11,1471.18,846.54,587.45,1372.41,1471.18,2122.65,1883.35,2026.35,2058.64,1276.11,1646.47
31,3,CODE_39,MX-31-03-4221,extreme,small,,1,-1.57,portrait,moderate,1.1,842.53,1036.26,214.41,51.77,842.94,1036.26,1056.94,1038.02,1056.52,1088.02,842.53,1086.25
31,4,CODE_39,MX-31-04-6995,easy,small,,1,2.45,portrait,moderate,1.1,710.35,1137.1,216.68,63.14,710.35,1150.34,923.94,1137.1,927.04,1187.01,713.45,1200.24
31,5,CODE_39,MX-31-05-7199,medium,small,,1,-6.34,portrait,moderate,1.1,1068.13,920.18,217.67,69.35,1072.7,920.18,1285.8,939.74,1281.23,989.53,1068.13,969.97
32,1,DATA_MATRIX,SN44365244132-MX32,hard,small,,2,5.17,portrait,moderate,-0.59,893.13,1041.43,38.76,38.76,893.13,1044.31,929.02,1041.43,931.89,1077.32,896.0,1080.19
32,2,CODE_39,MX-32-02-7229,extreme,standard,,1,-4.47,portrait,moderate,-0.59,1110.85,678.61,217.58,68.69,1115.26,678.61,1328.43,697.49,1324.02,747.29,1110.85,728.41
32,3,CODE_128,MX0320390003597,medium,edge,,4,-2.38,portrait,moderate,-0.59,205.51,1194.95,669.48,233.95,215.88,1194.95,874.99,1229.16,864.62,1428.89,205.51,1394.68
32,4,CODE_39,MX-32-04-4509,medium,standard,,1,2.93,portrait,moderate,-0.59,746.32,628.8,215.86,58.69,746.32,637.53,960.14,628.8,962.18,678.76,748.36,687.49
32,5,CODE_128,LOT-607263-P32,medium,edge,,4,4.23,portrait,moderate,-0.59,1288.83,879.89,803.1,249.86,1288.83,930.15,2079.23,879.89,2091.92,1079.49,1301.52,1129.75
33,1,CODE_128,MX0330197724375,easy,oblique,,1,32.3,portrait,severe,-0.92,1329.46,1973.12,166.9,128.6,1329.46,2059.02,1470.33,1973.12,1496.37,2015.81,1355.49,2101.71
33,2,CODE_39,MX-33-02-9534,easy,standard,,1,0.3,portrait,severe,-0.92,1576.57,1615.57,214.53,52.33,1577.11,1615.57,1791.1,1617.9,1790.55,1667.9,1576.57,1665.57
33,3,QR_CODE,https://example.invalid/mixed/033/03/1981,hard,standard,,7,1.75,portrait,severe,-0.92,1057.8,2046.98,262.71,262.71,1057.8,2050.71,1316.77,2046.98,1320.51,2305.95,1061.53,2309.68
33,4,CODE_39,MX-33-04-3870,hard,edge,,1,-88.78,portrait,severe,-0.92,762.77,505.03,51.1,214.26,812.77,505.03,813.88,719.02,763.88,719.28,762.77,505.28
33,5,CODE_128,MX0330590689592,medium,small,,1,-6.47,portrait,severe,-0.92,1172.05,979.45,170.06,70.82,1178.48,979.45,1342.11,1000.69,1335.68,1050.27,1172.05,1029.04
34,1,DATA_MATRIX,DM|MX|P034|I01|L787146,medium,oblique,,6,23.64,portrait,moderate,-1.42,1196.36,2628.13,156.46,156.46,1196.36,2673.5,1307.45,2628.13,1352.82,2739.22,1241.73,2784.59
34,2,CODE_39,MX-34-02-2757,medium,low_contrast,,1,-6.26,portrait,moderate,-1.42,610.83,1790.97,218.76,78.17,617.52,1790.97,829.6,1819.58,822.91,1869.13,610.83,1840.52
34,3,DATA_MATRIX,SN86176933847-MX34,medium,standard,,2,1.0,portrait,moderate,-1.42,540.98,2568.15,36.27,36.27,541.24,2568.15,577.24,2568.42,576.97,2604.42,540.98,2604.15
35,1,CODE_39,MX-35-01-7103,medium,standard,,2,3.9,landscape,moderate,1.28,503.98,884.49,435.28,138.22,503.98,923.12,930.24,884.49,939.26,984.08,513.01,1022.71
35,2,CODE_39,MX-35-02-1789,easy,edge,,4,-89.62,landscape,moderate,1.28,2980.93,748.9,224.69,861.43,3180.85,748.9,3205.62,1604.54,3005.7,1610.33,2980.93,754.69
37,1,CODE_39,MX-37-01-8303,hard,small,,1,-3.8,portrait,moderate,-0.26,270.25,778.51,217.01,65.04,273.8,778.51,487.26,793.67,483.72,843.55,270.25,828.38
37,2,DATA_MATRIX,DM|MX|P037|I02|L793940,hard,standard,,5,1.41,portrait,moderate,-0.26,910.17,2111.74,101.98,101.98,910.17,2113.74,1010.15,2111.74,1012.15,2211.72,912.17,2213.72
38,1,CODE_128,PO98300417744,easy,edge,,1,-89.8,portrait,moderate,0.83,1962.13,2447.18,52.76,154.87,2012.12,2447.18,2014.89,2601.16,1964.9,2602.06,1962.13,2448.08
39,1,CODE_39,MX-39-01-8265,medium,edge,,4,-4.54,portrait,heavy,0.92,264.7,2182.28,866.92,253.67,277.33,2182.28,1131.62,2236.34,1118.99,2435.95,264.7,2381.88
39,2,CODE_39,MX-39-02-7101,hard,oblique,,1,-27.3,portrait,heavy,0.92,846.08,1687.64,213.93,139.88,868.29,1687.64,1060.01,1782.73,1037.79,1827.52,846.08,1732.43
39,3,QR_CODE,SYN-MIX-039-03-45307574,easy,edge,,3,89.51,portrait,heavy,0.92,1758.63,2691.96,87.65,87.65,1759.28,2779.61,1758.63,2692.61,1845.63,2691.96,1846.28,2778.96
39,4,CODE_128,PO92489047823,medium,small,,1,-5.2,portrait,heavy,0.92,407.95,2234.83,157.3,61.36,411.68,2234.83,565.25,2246.33,561.52,2296.19,407.95,2284.69
39,5,QR_CODE,https://example.invalid/mixed/039/05/1254,medium,standard,,5,3.87,portrait,heavy,0.92,1045.31,1254.41,199.8,199.8,1045.31,1269.85,1229.66,1254.41,1245.11,1438.76,1060.75,1454.21
40,1,DATA_MATRIX,DM|MX|P040|I01|L737968,easy,clustered,1,4,12.73,landscape,heavy,1.26,748.95,1212.42,96.97,96.97,748.95,1231.77,826.57,1212.42,845.92,1290.05,768.29,1309.39
40,2,CODE_39,MX-40-02-7963,easy,clustered,1,1,-0.58,landscape,heavy,1.26,861.07,1267.87,214.58,52.55,861.07,1270.42,1075.05,1267.87,1075.65,1317.86,861.67,1320.42
40,3,DATA_MATRIX,(01)09506000247708(21)MX4003,medium,small,1,2,-87.83,landscape,heavy,1.26,971.19,1188.86,42.32,42.32,1011.11,1188.86,1013.51,1228.79,973.58,1231.19,971.19,1191.26
40,4,DATA_MATRIX,SN19023732249-MX40,medium,small,2,1,2.28,landscape,heavy,1.26,1063.47,848.2,19.08,19.08,1063.47,849.31,1081.44,848.2,1082.55,866.17,1064.58,867.28
40,5,DATA_MATRIX,SN91954870748-MX40,medium,clustered,2,2,-19.98,landscape,heavy,1.26,1189.45,908.85,45.65,45.65,1201.0,908.85,1235.1,920.4,1223.54,954.5,1189.45,942.95
40,6,DATA_MATRIX,(01)09506000292536(21)MX4006,hard,edge,,5,-0.92,landscape,heavy,1.26,2864.83,1479.96,100.6,100.6,2864.83,1480.56,2964.83,1479.96,2965.43,1579.96,2865.43,1580.56
40,7,DATA_MATRIX,(01)09506000265017(21)MX4007,medium,edge,,7,-89.74,landscape,heavy,1.26,1496.17,435.82,143.67,143.67,1636.12,435.82,1639.84,575.77,1499.89,579.49,1496.17,439.54
40,8,CODE_39,MX-40-08-7001,hard,standard,,2,92.1,landscape,heavy,1.26,993.5,1065.64,124.94,433.13,1018.61,1498.77,993.5,1071.51,1093.32,1065.64,1118.44,1492.9
40,9,DATA_MATRIX,DM|MX|P040|I09|L649300,easy,small,,1,92.46,landscape,heavy,1.26,1976.35,1126.01,21.26,21.26,1977.65,1147.26,1976.35,1127.31,1996.31,1126.01,1997.61,1145.96
40,10,CODE_128,LOT-977170-P40,hard,low_contrast,,2,-17.8,landscape,heavy,1.26,318.68,1308.72,408.08,208.57,347.14,1308.72,726.76,1421.42,698.3,1517.29,318.68,1404.58
40,11,CODE_128,MX0401165599834,easy,edge,,4,-16.45,landscape,heavy,1.26,1091.83,473.32,689.34,365.91,1144.22,473.32,1781.17,646.21,1728.78,839.23,1091.83,666.34
41,1,QR_CODE,https://example.invalid/mixed/041/01/2093,medium,low_contrast,,3,2.3,portrait,moderate,-1.85,1867.49,1517.3,111.86,111.86,1867.49,1518.16,1978.49,1517.3,1979.35,1628.3,1868.35,1629.16
42,1,QR_CODE,https://example.invalid/mixed/042/01/7057,easy,standard,,2,-6.31,portrait,heavy,1.7,1472.31,2207.39,79.71,79.71,1478.26,2207.39,1552.02,2213.33,1546.07,2287.09,1472.31,2281.15
42,2,DATA_MATRIX,(01)09506000280311(21)MX4202,medium,standard,,4,4.06,portrait,heavy,1.7,2177.25,1607.07,87.63,87.63,2177.25,1615.1,2256.85,1607.07,2264.88,1686.66,2185.28,1694.69
42,3,QR_CODE,QR|MX|PAGE=042|INDEX=03|LOT=316559,medium,standard,,7,-0.94,portrait,heavy,1.7,500.21,2016.14,234.05,234.05,500.21,2019.21,731.19,2016.14,734.26,2247.12,503.28,2250.19
43,1,CODE_39,MX-43-01-7541,easy,small,,1,6.53,portrait,moderate,-1.16,1217.02,2437.45,217.74,69.79,1217.02,2457.46,1430.08,2437.45,1434.76,2487.23,1221.69,2507.24
43,2,CODE_128,PO58051479746,medium,small,,1,1.35,portrait,moderate,-1.16,420.5,1552.99,154.16,50.5,420.5,1553.49,574.5,1552.99,574.67,1602.99,420.67,1603.49
43,3,CODE_128,LOT-415752-P43,medium,small,,1,4.27,portrait,moderate,-1.16,1040.23,2491.21,200.42,60.65,1040.23,2501.93,1237.94,2491.21,1240.65,2541.13,1042.94,2551.86
45,1,CODE_39,MX-45-01-3358,medium,standard,,4,0.98,portrait,severe,1.99,690.21,2645.82,865.22,244.13,690.21,2690.21,1545.06,2645.82,1555.43,2845.55,700.59,2889.94
45,2,CODE_39,MX-45-02-3990,easy,small,,1,-0.21,portrait,severe,1.99,1228.14,1520.41,215.45,56.63,1228.14,1527.07,1442.04,1520.41,1443.59,1570.39,1229.7,1577.05
45,3,QR_CODE,SYN-MIX-045-03-89249467,easy,oblique,,3,31.87,portrait,severe,1.99,789.16,2995.96,120.72,120.72,789.16,3044.43,861.41,2995.96,909.88,3068.2,837.64,3116.68
45,4,QR_CODE,SYN-MIX-045-04-60035844,easy,low_contrast,,4,2.35,portrait,severe,1.99,712.38,1634.11,124.45,124.45,712.38,1642.9,828.05,1634.11,836.83,1749.78,721.16,1758.56
46,1,CODE_128,PO13175825701,easy,standard,,4,-1.95,portrait,moderate,0.76,689.93,1289.18,620.03,212.77,694.09,1289.18,1309.96,1301.99,1305.8,1501.94,689.93,1489.13
46,2,DATA_MATRIX,(01)09506000277896(21)MX4602,medium,small,,1,-2.26,portrait,moderate,0.76,968.59,2013.65,20.52,20.52,969.12,2013.65,989.11,2014.17,988.59,2034.16,968.59,2033.64
46,3,DATA_MATRIX,DM|MX|P046|I03|L703330,extreme,edge,,6,91.1,portrait,moderate,0.76,388.03,1488.23,123.83,123.83,391.93,1612.05,388.03,1492.12,507.97,1488.23,511.86,1608.16
47,1,CODE_128,PO54442224801,medium,standard,,3,1.91,landscape,moderate,-1.92,1547.16,1889.31,462.02,150.05,1547.17,1889.31,2009.17,1889.36,2009.16,2039.36,1547.16,2039.31
48,1,CODE_128,MX0480149940024,medium,standard,,3,-3.64,portrait,heavy,0.82,999.45,1300.06,501.79,174.2,1006.83,1300.06,1501.23,1324.44,1493.84,1474.26,999.45,1449.88
49,1,CODE_39,MX-49-01-3906,hard,standard,,3,4.6,portrait,moderate,-1.8,1371.19,1321.23,648.57,181.21,1371.19,1352.61,2012.42,1321.23,2019.76,1471.05,1378.52,1502.43
49,2,DATA_MATRIX,DM|MX|P049|I02|L586567,extreme,small,,2,6.52,portrait,moderate,-1.8,960.94,1862.07,43.16,43.16,960.94,1865.36,1000.81,1862.07,1004.1,1901.93,964.24,1905.22
49,3,CODE_39,MX-49-03-5848,medium,low_contrast,,4,-2.19,portrait,moderate,-1.8,860.12,2571.3,867.84,259.05,874.03,2571.3,1727.96,2630.83,1714.05,2830.34,860.12,2770.81
49,4,DATA_MATRIX,(01)09506000276978(21)MX4904,medium,oblique,,4,-27.65,portrait,moderate,-1.8,837.24,640.43,108.99,108.99,876.57,640.43,946.23,679.76,906.9,749.42,837.24,710.09
49,5,CODE_39,MX-49-05-5900,hard,edge,,2,88.26,portrait,moderate,-1.8,2010.85,682.27,126.22,433.36,2010.85,1109.45,2037.26,682.27,2137.07,688.44,2110.66,1115.62
50,1,CODE_39,MX-50-01-2864,medium,overlapped,1,4,91.25,portrait,heavy,-2.18,986.65,746.91,213.9,859.14,986.65,1602.79,1000.58,746.91,1200.55,750.16,1186.62,1606.05
50,2,CODE_128,LOT-523816-P50,hard,clustered,1,3,88.05,portrait,heavy,-2.18,1104.94,941.48,192.41,603.26,1104.94,1533.94,1147.75,941.48,1297.36,952.29,1254.55,1544.74
50,3,QR_CODE,SYN-MIX-050-03-23549058,hard,clustered,1,7,-0.25,portrait,heavy,-2.18,1275.88,748.0,211.43,211.43,1284.5,748.0,1487.32,756.61,1478.7,959.43,1275.88,950.81
50,4,DATA_MATRIX,SN27131411124-MX50,medium,small,2,1,-91.95,portrait,heavy,-2.18,1367.45,686.81,19.25,19.25,1386.7,688.11,1385.4,706.06,1367.45,704.76,1368.75,686.81
50,5,QR_CODE,https://example.invalid/mixed/050/05/4254,medium,small,2,1,1.5,portrait,heavy,-2.18,1451.78,750.32,37.44,37.44,1452.22,750.32,1489.21,750.76,1488.77,787.76,1451.78,787.32
50,6,CODE_128,LOT-342626-P50,medium,clustered,2,4,90.63,portrait,heavy,-2.18,1663.18,704.93,221.38,797.13,1663.18,1496.64,1684.64,704.93,1884.56,710.35,1863.11,1502.06
50,7,DATA_MATRIX,(01)09506000297964(21)MX5007,medium,standard,,2,-19.35,portrait,heavy,-2.18,1119.12,1821.98,51.89,51.89,1133.81,1821.98,1171.01,1836.66,1156.33,1873.87,1119.12,1859.19
50,8,CODE_128,PO11067360318,easy,small,,1,11.58,portrait,heavy,-2.18,902.8,1681.72,160.1,74.48,902.8,1706.87,1054.74,1681.72,1062.9,1731.05,910.97,1756.2
50,9,CODE_128,MX0500987456787,easy,standard,,2,1.17,portrait,heavy,-2.18,1496.6,1891.79,331.72,105.81,1498.36,1891.79,1828.31,1897.62,1826.54,1997.61,1496.6,1991.78
50,10,CODE_128,LOT-828307-P50,medium,low_contrast,,4,14.99,portrait,heavy,-2.18,638.84,1921.09,816.63,370.59,638.84,2096.66,1411.14,1921.09,1455.47,2116.11,683.18,2291.68
50,11,CODE_128,LOT-153367-P50,medium,edge,,1,90.33,portrait,heavy,-2.18,1221.53,2389.62,56.37,199.51,1221.53,2587.52,1227.93,2389.62,1277.91,2391.24,1271.51,2589.13
50,12,CODE_128,PO28313790893,easy,standard,,2,-15.51,portrait,heavy,-2.18,642.32,771.34,323.82,188.87,672.71,771.34,966.14,864.95,935.75,960.22,642.32,866.61
50,13,CODE_128,LOT-431952-P50,easy,oblique,,4,22.93,portrait,heavy,-2.18,716.07,1834.59,811.49,467.6,716.07,2115.15,1456.71,1834.59,1527.56,2021.62,786.92,2302.18
51,1,QR_CODE,QR|MX|PAGE=051|INDEX=01|LOT=239912,medium,edge,,3,-88.31,portrait,heavy,1.28,1172.09,3108.49,104.0,104.0,1270.96,3108.49,1276.09,3207.36,1177.22,3212.49,1172.09,3113.62
51,2,QR_CODE,https://example.invalid/mixed/051/02/7282,medium,edge,,6,88.94,portrait,heavy,1.28,1029.76,2986.56,222.85,222.85,1030.61,3209.41,1029.76,2987.41,1251.76,2986.56,1252.61,3208.56
51,3,CODE_128,PO19235795182,hard,small,,1,-0.42,portrait,heavy,1.28,1202.23,1158.55,154.73,52.3,1202.23,1160.86,1356.22,1158.55,1356.97,1208.54,1202.98,1210.85
51,4,QR_CODE,SYN-MIX-051-04-57918570,hard,edge,,4,91.98,portrait,heavy,1.28,1906.71,910.59,122.41,122.41,1913.31,1033.0,1906.71,917.18,2022.52,910.59,2029.12,1026.4
51,5,QR_CODE,https://example.invalid/mixed/051/05/4431,medium,standard,,4,5.4,portrait,heavy,1.28,753.63,2614.95,164.21,164.21,753.63,2632.16,900.63,2614.95,917.85,2761.94,770.85,2779.16
52,1,CODE_128,MX0520142856224,medium,low_contrast,,3,3.98,portrait,moderate,-0.86,262.49,1883.74,502.44,176.75,262.49,1910.72,756.75,1883.74,764.92,2033.52,270.66,2060.49
52,2,CODE_128,PO99000560663,hard,standard,,3,-1.55,portrait,moderate,-0.86,1261.57,2238.17,467.89,169.27,1267.87,2238.17,1729.47,2257.57,1723.17,2407.44,1261.57,2388.04
52,3,CODE_39,MX-52-03-8306,hard,standard,,2,0.16,portrait,moderate,-0.86,338.67,2317.12,429.18,105.2,339.89,2317.12,767.86,2322.32,766.64,2422.32,338.67,2417.11
52,4,CODE_39,MX-52-04-8845,medium,standard,,1,3.1,portrait,moderate,-0.86,1545.71,668.83,215.79,58.34,1545.71,677.21,1759.55,668.83,1761.5,718.79,1547.67,727.17
52,5,CODE_39,MX-52-05-5475,easy,small,,1,-0.51,portrait,moderate,-0.86,1766.32,2054.88,215.13,55.09,1767.51,2054.88,1981.45,2059.99,1980.26,2109.97,1766.32,2104.87
54,1,CODE_128,LOT-468246-P54,medium,standard,,2,-1.94,landscape,heavy,-2.8,2053.25,1412.6,402.9,132.35,2061.51,1412.6,2456.16,1445.3,2447.9,1544.95,2053.25,1512.26
55,1,CODE_39,MX-55-01-7525,medium,standard,,2,-1.6,portrait,severe,1.92,1307.28,1878.76,428.56,102.41,1307.28,1881.17,1735.27,1878.76,1735.83,1978.76,1307.84,1981.17
55,2,QR_CODE,QR|MX|PAGE=055|INDEX=02|LOT=983658,hard,low_contrast,,3,-1.71,portrait,severe,1.92,2163.85,2090.69,99.37,99.37,2163.85,2091.05,2262.85,2090.69,2263.22,2189.69,2164.22,2190.05
55,3,QR_CODE,https://example.invalid/mixed/055/03/8905,hard,standard,,5,-1.25,portrait,severe,1.92,1103.47,1516.59,187.16,187.16,1103.47,1518.77,1288.46,1516.59,1290.63,1701.58,1105.64,1703.75
55,4,CODE_128,LOT-663301-P55,medium,standard,,2,-0.99,portrait,severe,1.92,1739.8,1130.34,397.58,106.43,1739.8,1136.78,2135.75,1130.34,2137.38,1230.32,1741.43,1236.77
56,1,DATA_MATRIX,(01)09506000273950(21)MX5601,easy,edge,,8,3.45,portrait,moderate,-1.83,1843.85,1644.04,164.46,164.46,1843.85,1648.56,2003.78,1644.04,2008.3,1803.98,1848.37,1808.5
57,1,CODE_128,PO47733539880,hard,standard,,3,-2.52,portrait,heavy,3.5,949.22,1652.65,464.49,157.86,949.22,1660.54,1411.15,1652.65,1413.71,1802.63,951.78,1810.51
57,2,DATA_MATRIX,DM|MX|P057|I02|L550955,easy,low_contrast,,2,-4.47,portrait,heavy,3.5,860.8,1119.45,40.67,40.67,861.48,1119.45,901.47,1120.13,900.8,1160.13,860.8,1159.45
57,3,CODE_128,PO58346999914,easy,standard,,2,-6.08,portrait,heavy,3.5,715.91,1169.71,312.19,113.77,720.41,1169.71,1028.1,1183.58,1023.6,1283.48,715.91,1269.6
58,1,DATA_MATRIX,SN53937710508-MX58,extreme,overlapped,1,7,-90.54,landscape,severe,2.1,850.99,1316.39,129.39,129.39,976.94,1316.39,980.38,1442.35,854.43,1445.78,850.99,1319.83
58,2,CODE_128,PO32835037928,hard,clustered,1,3,90.27,landscape,severe,2.1,957.74,1459.75,169.0,467.81,976.87,1927.56,957.74,1465.96,1107.61,1459.75,1126.74,1921.35
58,3,CODE_128,MX0580352844733,easy,clustered,1,2,-18.22,landscape,severe,2.1,1239.87,1294.03,344.79,187.68,1267.63,1294.03,1584.66,1385.64,1556.9,1481.71,1239.87,1390.1
58,4,DATA_MATRIX,(01)09506000257830(21)MX5804,extreme,clustered,2,7,-16.63,landscape,severe,2.1,388.43,1297.62,170.64,170.64,423.54,1297.62,559.07,1332.73,523.95,1468.26,388.43,1433.14
58,5,DATA_MATRIX,SN15922281274-MX58,easy,small,2,2,14.16,landscape,severe,2.1,480.73,1367.37,44.64,44.64,480.73,1377.45,515.29,1367.37,525.37,1401.93,490.81,1412.01
58,6,DATA_MATRIX,DM|MX|P058|I06|L620923,hard,small,2,1,91.43,landscape,severe,2.1,586.54,1279.5,21.19,21.19,587.77,1300.69,586.54,1280.73,606.5,1279.5,607.73,1299.46
58,7,CODE_39,MX-58-07-7888,extreme,clustered,3,1,-91.05,landscape,severe,2.1,2409.63,861.83,53.92,214.88,2459.62,861.83,2463.56,1075.8,2413.56,1076.71,2409.63,862.75
58,8,CODE_128,PO25759497408,medium,clustered,3,1,1.49,landscape,severe,2.1,2505.46,927.81,156.83,59.55,2505.46,937.47,2659.16,927.81,2662.29,977.72,2508.59,987.37
58,9,CODE_39,MX-58-09-4477,easy,oblique,,4,-35.08,landscape,severe,2.1,1901.31,1269.76,826.95,633.7,2010.17,1269.76,2728.26,1735.68,2619.4,1903.46,1901.31,1437.54
58,10,CODE_128,LOT-969637-P58,medium,standard,,2,15.52,landscape,severe,2.1,2408.75,1403.31,407.69,215.2,2408.75,1523.2,2786.16,1403.31,2816.44,1498.61,2439.02,1618.5
58,11,CODE_128,PO17180926651,extreme,standard,,1,-2.11,landscape,severe,2.1,2895.45,1024.39,154.01,50.02,2895.45,1024.39,3049.45,1024.41,3049.45,1074.41,2895.45,1074.39
58,12,QR_CODE,SYN-MIX-058-12-39985606,medium,low_contrast,,5,0.69,landscape,severe,2.1,1814.48,1762.18,151.89,151.89,1814.48,1769.25,1959.31,1762.18,1966.38,1907.01,1821.55,1914.07
58,13,DATA_MATRIX,(01)09506000253179(21)MX5813,medium,low_contrast,,7,92.03,landscape,severe,2.1,2852.53,661.97,149.73,149.73,2862.62,811.69,2852.53,672.06,2992.17,661.97,3002.26,801.6
58,14,CODE_39,MX-58-14-2218,easy,oblique,,1,32.97,landscape,severe,2.1,413.15,885.98,203.87,163.89,413.15,1008.95,588.29,885.98,617.03,926.9,441.88,1049.87
58,15,DATA_MATRIX,(01)09506000256320(21)MX5815,extreme,standard,,7,-15.97,landscape,severe,2.1,1727.0,1168.96,169.47,169.47,1760.56,1168.96,1896.48,1202.52,1862.92,1338.44,1727.0,1304.88
58,16,QR_CODE,https://example.invalid/mixed/058/16/5608,medium,standard,,3,-90.33,landscape,severe,2.1,1123.27,754.38,114.38,114.38,1234.22,754.38,1237.65,865.33,1126.71,868.77,1123.27,757.82
59,1,CODE_128,LOT-254284-P59,hard,small,,1,-0.75,portrait,moderate,1.19,939.48,1286.28,198.38,51.53,939.48,1287.81,1137.47,1286.28,1137.86,1336.28,939.86,1337.81
