page,index,format,value,difficulty,rotation_deg,source_x,source_y,page_orientation,page_skew_deg,jpeg_quality_stage
1,1,QR_CODE,SYNTHETIC-QC-001-1-774086172,easy,-88.5,1672,2120,portrait,0.53,54
2,1,QR_CODE,QR|SQ2D|PAGE=002|INDEX=1|LOT=109099,easy,2.0,1039,1168,portrait,0.57,56
3,1,DATA_MATRIX,(01)09506000160241(21)DM0031,easy,5.2,33,987,portrait,0.65,67
3,2,DATA_MATRIX,DM|SQ2D|P003|I2|L383147,medium,4.4,1226,2019,portrait,0.65,67
4,1,DATA_MATRIX,DM|SQ2D|P004|I1|L399885,medium,1.5,700,2036,portrait,-1.69,54
5,1,DATA_MATRIX,SN681924417630-P05,easy,88.5,1820,514,portrait,0.24,60
6,1,DATA_MATRIX,SN140796773781-P06,easy,3.0,1775,1002,landscape,-0.17,49
6,2,DATA_MATRIX,(01)09506000135967(21)DM0062,medium,-88.7,2523,405,landscape,-0.17,49
7,1,DATA_MATRIX,(01)09506000198486(21)DM0071,easy,5.4,899,301,portrait,-1.13,61
7,2,DATA_MATRIX,(01)09506000121452(21)DM0072,medium,-89.1,28,345,portrait,-1.13,61
7,3,DATA_MATRIX,(01)09506000137068(21)DM0073,medium,90.4,1470,942,portrait,-1.13,61
8,1,QR_CODE,https://example.invalid/synthetic/qc/008/1/10907,medium,1.7,840,282,portrait,-1.62,59
9,1,DATA_MATRIX,(01)09506000191536(21)DM0091,easy,2.9,1058,266,portrait,1.13,54
9,2,DATA_MATRIX,SN781696758819-P09,medium,-2.4,683,1866,portrait,1.13,54
10,1,DATA_MATRIX,SN196084580647-P10,easy,3.0,820,274,portrait,1.39,69
11,1,DATA_MATRIX,(01)09506000183175(21)DM0111,hard,13,1029,344,portrait,0.54,42
12,1,QR_CODE,SYNTHETIC-QC-012-1-203218343,medium,-0.3,162,830,portrait,0.46,58
12,2,QR_CODE,https://example.invalid/synthetic/qc/012/2/48994,medium,-1.7,974,457,portrait,0.46,58
13,1,DATA_MATRIX,SN446560799499-P13,easy,5.0,661,2380,portrait,-1.8,63
13,2,DATA_MATRIX,DM|SQ2D|P013|I2|L512721,medium,-2.3,1062,384,portrait,-1.8,63
13,3,DATA_MATRIX,DM|SQ2D|P013|I3|L480763,medium,5.2,143,1321,portrait,-1.8,63
13,4,DATA_MATRIX,DM|SQ2D|P013|I4|L847008,medium,-4.6,1170,1848,portrait,-1.8,63
14,1,QR_CODE,https://example.invalid/synthetic/qc/014/1/58592,easy,-3.5,2296,1329,landscape,-0.81,53
14,2,DATA_MATRIX,(01)09506000141629(21)DM0142,medium,-4.6,1201,1575,landscape,-0.81,53
14,3,DATA_MATRIX,DM|SQ2D|P014|I3|L633687,medium,-2.5,1100,515,landscape,-0.81,53
15,1,DATA_MATRIX,(01)09506000158831(21)DM0151,easy,-91.0,69,361,portrait,-0.56,57
15,2,QR_CODE,SYNTHETIC-QC-015-2-128626108,medium,4.6,711,1261,portrait,-0.56,57
16,1,QR_CODE,SYNTHETIC-QC-016-1-688431743,medium,-91.4,49,600,portrait,-1.86,56
17,1,QR_CODE,SYNTHETIC-QC-017-1-118904558,hard,21,1308,352,portrait,-0.34,38
18,1,QR_CODE,SYNTHETIC-QC-018-1-382969573,easy,-2.3,148,378,portrait,-1.6,68
18,2,QR_CODE,QR|SQ2D|PAGE=018|INDEX=2|LOT=557798,medium,88.8,63,2321,portrait,-1.6,68
19,1,DATA_MATRIX,DM|SQ2D|P019|I1|L233373,easy,-3.8,1632,2375,portrait,-0.2,52
20,1,DATA_MATRIX,DM|SQ2D|P020|I1|L427269,medium,91.8,1833,514,portrait,1.47,47
21,1,DATA_MATRIX,DM|SQ2D|P021|I1|L570274,easy,2.1,1450,1532,landscape,-0.93,62
21,2,DATA_MATRIX,(01)09506000179288(21)DM0212,medium,88.7,2825,1709,landscape,-0.93,62
21,3,QR_CODE,SYNTHETIC-QC-021-3-336554227,medium,-2.5,114,485,landscape,-0.93,62
22,1,DATA_MATRIX,SN725421941352-P22,hard,89.8,1498,844,portrait,0.27,41
23,1,DATA_MATRIX,DM|SQ2D|P023|I1|L942737,easy,-5.4,1394,1120,portrait,0.66,68
24,1,QR_CODE,SYNTHETIC-QC-024-1-490710506,medium,-1.6,163,336,portrait,-1.34,53
24,2,QR_CODE,SYNTHETIC-QC-024-2-198684364,medium,3.1,1436,1557,portrait,-1.34,53
25,1,DATA_MATRIX,(01)09506000145106(21)DM0251,easy,-3.3,1554,1248,portrait,1.81,55
26,1,DATA_MATRIX,(01)09506000120390(21)DM0261,easy,0.3,793,304,portrait,-1.6,45
26,2,QR_CODE,QR|SQ2D|PAGE=026|INDEX=2|LOT=540203,medium,89.8,1677,1294,portrait,-1.6,45
26,3,DATA_MATRIX,SN357002712252-P26,medium,5.1,718,2213,portrait,-1.6,45
26,4,DATA_MATRIX,SN141724318006-P26,medium,4.0,924,1762,portrait,-1.6,45
27,1,DATA_MATRIX,SN429763409665-P27,easy,-90.2,1435,1852,portrait,1.54,44
27,2,QR_CODE,SYNTHETIC-QC-027-2-893003720,medium,3.1,943,2108,portrait,1.54,44
28,1,QR_CODE,SYNTHETIC-QC-028-1-312708744,medium,88.9,33,919,landscape,-0.49,55
28,2,QR_CODE,SYNTHETIC-QC-028-2-791467124,medium,3.4,2021,1432,landscape,-0.49,55
28,3,QR_CODE,QR|SQ2D|PAGE=028|INDEX=3|LOT=783906,medium,-2.8,865,946,landscape,-0.49,55
29,1,QR_CODE,https://example.invalid/synthetic/qc/029/1/13708,easy,-0.4,970,492,portrait,-0.1,49
30,1,QR_CODE,SYNTHETIC-QC-030-1-573884916,easy,91.2,101,651,portrait,0.9,61
30,2,DATA_MATRIX,(01)09506000174663(21)DM0302,medium,3.4,369,2680,portrait,0.9,61
31,1,QR_CODE,QR|SQ2D|PAGE=031|INDEX=1|LOT=956104,easy,1.6,1334,1019,portrait,-0.94,66
32,1,DATA_MATRIX,SN939724549408-P32,medium,0.9,1280,2319,portrait,1.06,56
33,1,DATA_MATRIX,DM|SQ2D|P033|I1|L190815,hard,21,1026,1401,portrait,-1.61,37
33,2,DATA_MATRIX,(01)09506000193314(21)DM0332,hard,21,142,438,portrait,-1.61,37
34,1,DATA_MATRIX,DM|SQ2D|P034|I1|L378638,hard,21,133,312,portrait,0.57,45
35,1,DATA_MATRIX,SN162903413793-P35,easy,2.3,1973,1773,landscape,0.3,50
35,2,DATA_MATRIX,SN241799092915-P35,medium,2.9,1257,1001,landscape,0.3,50
35,3,DATA_MATRIX,SN864364724899-P35,medium,91.8,2653,1588,landscape,0.3,50
36,1,DATA_MATRIX,SN444821889557-P36,medium,-2.6,1124,1622,portrait,0.91,64
36,2,DATA_MATRIX,(01)09506000126385(21)DM0362,medium,-1.1,128,441,portrait,0.91,64
37,1,DATA_MATRIX,DM|SQ2D|P037|I1|L237312,easy,-3.9,1035,1589,portrait,0.35,47
38,1,QR_CODE,https://example.invalid/synthetic/qc/038/1/97318,easy,0.5,343,430,portrait,0.9,64
39,1,DATA_MATRIX,SN323386764933-P39,easy,89.9,1311,1057,portrait,1.81,54
39,2,DATA_MATRIX,DM|SQ2D|P039|I2|L651206,medium,-3.7,369,1553,portrait,1.81,54
39,3,QR_CODE,QR|SQ2D|PAGE=039|INDEX=3|LOT=449459,medium,2.5,474,2070,portrait,1.81,54
39,4,QR_CODE,QR|SQ2D|PAGE=039|INDEX=4|LOT=697334,medium,3.0,943,291,portrait,1.81,54
40,1,DATA_MATRIX,DM|SQ2D|P040|I1|L448996,medium,3.3,676,1822,portrait,1.66,56
41,1,QR_CODE,QR|SQ2D|PAGE=041|INDEX=1|LOT=666447,easy,-5.0,661,1539,portrait,-1.41,54
42,1,DATA_MATRIX,SN216708411714-P42,easy,89.2,157,1283,landscape,1.42,58
42,2,DATA_MATRIX,DM|SQ2D|P042|I2|L111956,medium,-2.3,1318,455,landscape,1.42,58
42,3,DATA_MATRIX,(01)09506000160822(21)DM0423,medium,-88.8,2560,1201,landscape,1.42,58
43,1,DATA_MATRIX,SN416954559741-P43,easy,-1.1,1358,447,portrait,-1.02,50
44,1,DATA_MATRIX,DM|SQ2D|P044|I1|L160131,hard,89.2,54,658,portrait,-2.51,54
45,1,QR_CODE,SYNTHETIC-QC-045-1-537915835,easy,0.8,62,830,portrait,-1.09,62
45,2,DATA_MATRIX,(01)09506000187373(21)DM0452,medium,-3.4,316,503,portrait,-1.09,62
46,1,DATA_MATRIX,DM|SQ2D|P046|I1|L444407,easy,-4.3,519,1088,portrait,-0.17,68
47,1,QR_CODE,https://example.invalid/synthetic/qc/047/1/75880,easy,-2.4,146,2569,portrait,-0.63,64
48,1,QR_CODE,QR|SQ2D|PAGE=048|INDEX=1|LOT=951615,medium,1.5,1659,1834,portrait,0.28,46
48,2,DATA_MATRIX,SN190898910991-P48,medium,2.1,633,982,portrait,0.28,46
49,1,QR_CODE,https://example.invalid/synthetic/qc/049/1/92867,easy,-91.9,14,1196,landscape,0.54,51
49,2,DATA_MATRIX,DM|SQ2D|P049|I2|L587070,medium,-5.5,894,386,landscape,0.54,51
49,3,DATA_MATRIX,DM|SQ2D|P049|I3|L921992,hard,13,1468,1353,landscape,0.54,51
50,1,DATA_MATRIX,(01)09506000174755(21)DM0501,easy,2.4,575,2576,portrait,-0.46,61
