page,code_count,orientation,noise_level,page_skew_deg,jpeg_quality_stage,blur_radius
1,3,portrait,moderate,0.62,46,0.329
2,1,portrait,moderate,-0.77,58,0.435
3,3,portrait,heavy,3.09,35,0.588
4,5,portrait,moderate,0.51,53,0.57
5,0,portrait,moderate,-1.99,46,0.605
6,5,portrait,heavy,-3.56,51,0.795
7,5,landscape,moderate,0.34,51,0.421
8,4,portrait,moderate,0.62,58,0.331
9,5,portrait,heavy,-1.58,52,0.915
10,12,portrait,heavy,-0.31,35,0.836
11,1,portrait,severe,3.34,25,0.848
12,0,portrait,heavy,2.04,35,0.781
13,2,portrait,moderate,2.26,55,0.65
14,2,landscape,moderate,-0.23,65,0.429
15,5,portrait,heavy,3.24,35,0.685
16,5,portrait,moderate,1.98,60,0.421
17,2,portrait,moderate,1.91,43,0.604
18,1,portrait,heavy,-1.73,50,0.572
19,0,portrait,moderate,1.34,44,0.62
20,9,landscape,heavy,1.26,42,0.719
21,3,portrait,heavy,1.79,46,0.948
22,3,portrait,severe,-3.46,37,0.869
23,4,portrait,moderate,2.05,42,0.697
24,3,portrait,heavy,0.58,46,0.675
25,1,portrait,moderate,0.2,42,0.521
26,5,portrait,moderate,2.07,55,0.391
27,0,portrait,heavy,-2.21,34,0.97
28,4,landscape,moderate,1.99,56,0.673
29,1,portrait,moderate,-0.51,46,0.499
30,14,portrait,heavy,3.49,46,0.82
31,5,portrait,moderate,1.1,59,0.686
32,5,portrait,moderate,-0.59,52,0.471
33,5,portrait,severe,-0.92,33,0.82
34,3,portrait,moderate,-1.42,54,0.673
35,2,landscape,moderate,1.28,57,0.679
36,0,portrait,heavy,0.22,40,0.844
37,2,portrait,moderate,-0.26,42,0.481
38,1,portrait,moderate,0.83,50,0.631
39,5,portrait,heavy,0.92,39,0.907
40,11,landscape,heavy,1.26,38,0.976
41,1,portrait,moderate,-1.85,63,0.662
42,3,portrait,heavy,1.7,44,0.912
43,3,portrait,moderate,-1.16,53,0.345
44,0,portrait,severe,3.03,28,1.227
45,4,portrait,severe,1.99,40,1.012
46,3,portrait,moderate,0.76,60,0.602
47,1,landscape,moderate,-1.92,59,0.497
48,1,portrait,heavy,0.82,44,0.986
49,5,portrait,moderate,-1.8,66,0.63
50,13,portrait,heavy,-2.18,42,0.795
51,5,portrait,heavy,1.28,46,0.862
52,5,portrait,moderate,-0.86,61,0.399
53,0,portrait,moderate,0.34,59,0.654
54,1,landscape,heavy,-2.8,34,0.776
55,4,portrait,severe,1.92,28,1.054
56,1,portrait,moderate,-1.83,65,0.423
57,3,portrait,heavy,3.5,41,0.69
58,16,landscape,severe,2.1,42,0.826
59,1,portrait,moderate,1.19,45,0.497
60,0,portrait,heavy,-2.6,43,0.817
